"ruleid","sourceip4","destinationip4","sourcednsname","destinationdnsname","protocol"
"27b7e719-de16-521b-9aae-5c8ebf9b2c1a","","","","{""addr"":""dcape-na.amazon.com""}",""
"211871cc-9172-56c2-abaa-bb35a1e8b33b","","","","{""addr"":""softwareupdates.amazon.com""}",""
"6b03c910-5885-5840-aa78-aae6dca73fef","","","","{""addr"":""3.north-america.pool.ntp.org""}",""
"0f50cc02-9a69-5830-be16-9e505ba90eec","","{""addr"":""224.0.0.22/32""}","","",""
"bb7e8c21-45c1-5ea2-a6dc-504ec9d13b7a","","{""addr"":""239.255.255.250/32""}","","",""
"70042a7f-7847-5683-a10d-32d53b5e3495","","{""addr"":""255.255.255.255/32""}","","",""
"c6a87716-ebcd-512e-b877-ede14201a6a2","","{""addr"":""255.255.255.255/32""}","","",""
"1a22d663-6c8f-5df5-94d6-8d8d7361f488","","{""addr"":""208.67.220.220/32""}","","",""
"9ca47d49-8f31-569d-a6f0-ce5e7bbb5c5e","","","","{""addr"":""dcape-na.amazon.com""}",""
"55ede287-fd6c-545b-bced-0c06eab105f8","","","","{""addr"":""softwareupdates.amazon.com""}",""
"dac9e708-325a-5b91-a92d-68f143acdc8a","","","","{""addr"":""3.north-america.pool.ntp.org""}",""
"95eca9a0-95f7-56ad-bcdb-9d956677750a","","{""addr"":""224.0.0.22/32""}","","",""
"70d7718c-cdd2-5897-bf05-a8dceb2cabb9","","{""addr"":""239.255.255.250/32""}","","",""
"30d55723-c289-58aa-a0ed-9059629ccf6f","","{""addr"":""255.255.255.255/32""}","","",""
"c645b2c8-e0ee-5a79-9cc2-7bd161d033a5","","{""addr"":""255.255.255.255/32""}","","",""
"77215263-0972-540a-bf47-ce620a2e9ea7","","{""addr"":""208.67.220.220/32""}","","",""
"7a04c2a3-91c4-533b-9c2e-51af748b9d1d","","","","{""addr"":""dcape-na.amazon.com""}",""
"546202a6-5fc9-5140-99bd-b2bcebf1df1d","","","","{""addr"":""softwareupdates.amazon.com""}",""
"b9ddb276-1e41-568c-83d6-7a83fc9fede6","","","","{""addr"":""3.north-america.pool.ntp.org""}",""
"55acb7ac-63fa-5d58-afff-21243053bbe8","","{""addr"":""224.0.0.22/32""}","","",""
"5d4eecda-3cca-501b-b776-ab80dd920a4b","","{""addr"":""239.255.255.250/32""}","","",""
"4127b426-5151-5a4b-add1-d1a06c320aaa","","{""addr"":""255.255.255.255/32""}","","",""
"8bfa1726-c621-5b8a-a746-ced806d13a8d","","{""addr"":""255.255.255.255/32""}","","",""
"f5376b78-098e-50bd-8a3c-af75fa11d88e","","{""addr"":""208.67.220.220/32""}","","",""
"0e6c59ab-1bc9-52a7-b223-8c8d601a185f","","{""addr"":""*"",""allowed"":false,""children"":[{""addr"":""com.aaplimg.*"",""allowed"":true}]}","","{""addr"":""*"",""allowed"":false}",""
"92c34ff7-a662-5d58-8652-8112e17404ed","","{""addr"":""*"",""allowed"":false,""children"":[{""addr"":""com.aaplimg.*"",""allowed"":true}]}","","{""addr"":""*"",""allowed"":false}",""
"08ed07d5-40eb-55c4-a27a-78127f7a8da8","","{""addr"":""*"",""allowed"":true}","","{""addr"":""*"",""allowed"":true}",""
"91c5c965-9aed-594e-98a4-5d7bb437a92c","","{""addr"":""*"",""allowed"":true}","","{""addr"":""*"",""allowed"":true}",""
"3cd5c52a-603f-5bb0-b480-1f795352268f","","{""addr"":""*"",""allowed"":true}","","{""addr"":""*"",""allowed"":true}",""
"9478e397-714e-5ac1-abfe-834b693cf88c","","{""addr"":""*"",""allowed"":true}","","{""addr"":""*"",""allowed"":true}",""
"2cca154c-d55a-5db6-9778-6c6a924870b1","","{""addr"":""*"",""allowed"":true}","","{""addr"":""*"",""allowed"":true}",""
"b5bacefa-35eb-56f5-a3a0-43b6d241df05","","{""addr"":""*"",""allowed"":true}","","{""addr"":""*"",""allowed"":true}",""
"32517179-b249-5acf-88fd-9143737e58bc","","{""addr"":""*"",""allowed"":true}","","{""addr"":""*"",""allowed"":true}",""
"7acd80f9-1db9-5d2c-a765-75f28a4c1432","","{""addr"":""*"",""allowed"":true}","","{""addr"":""*"",""allowed"":true}",""
"5751703b-c713-55e5-b422-fd84f252b2d5","","{""addr"":""*"",""allowed"":true}","","{""addr"":""*"",""allowed"":true}",""
"b49e3c7a-8e83-5464-8ddb-92a36518dda3","","{""addr"":""*"",""allowed"":true}","","{""addr"":""*"",""allowed"":true}",""
"d6d215c9-de8f-586d-8150-83150780a1ec","","{""addr"":""*"",""allowed"":true}","","{""addr"":""*"",""allowed"":true}",""
"b1fc55c7-fddf-5031-9380-1a60d4d26f29","","{""addr"":""*"",""allowed"":true}","","{""addr"":""*"",""allowed"":true}",""
"34159270-d081-5899-b486-5bfbc7908f23","","{""addr"":""*"",""allowed"":true}","","{""addr"":""*"",""allowed"":true}",""
"c0710661-3a6f-58d1-b3b7-19ee43f961d4","","{""addr"":""*"",""allowed"":true}","","{""addr"":""*"",""allowed"":true}",""
"73078dcb-2aae-5873-b2a1-6abd4a31289c","","{""addr"":""*"",""allowed"":false}","","{""addr"":""*"",""allowed"":false}",""
"bb2f5db4-d9db-55c7-a14f-c8fcb0a8df0b","","{""addr"":""*"",""allowed"":true}","","{""addr"":""*"",""allowed"":true,""children"":[{""addr"":""com.*"",""allowed"":false,""children"":[{""addr"":""com.amazonaws.compute.*"",""allowed"":true,""children"":[{""addr"":""com.amazonaws.compute.eu-central-1.ec2-18-158-182-236.*"",""allowed"":false,""children"":[{""addr"":""com.amazonaws.compute.eu-central-1.ec2-18-158-182-236.*"",""allowed"":true}]},{""addr"":""com.amazonaws.compute.eu-central-1.ec2-3-124-148-244.*"",""allowed"":false,""children"":[{""addr"":""com.amazonaws.compute.eu-central-1.ec2-3-124-148-244:18675"",""allowed"":true}]},{""addr"":""com.amazonaws.compute.eu-west-2.*"",""allowed"":false,""children"":[{""addr"":""com.amazonaws.compute.eu-west-2.ec2-35-178-99-241.*"",""allowed"":true}]}]}]}]}",""
"bcb8fc5a-d16d-5083-8e24-e2f8b8422b99","","{""addr"":""*"",""allowed"":false}","","{""addr"":""*"",""allowed"":false}",""
"a4a4341b-8471-5a16-b02c-105ab808d233","","{""addr"":""*"",""allowed"":false}","","{""addr"":""*"",""allowed"":false}",""
"3447bcbb-5e3a-5ec5-87ee-e472c555090e","","{""addr"":""*"",""allowed"":false}","","{""addr"":""*"",""allowed"":false}",""
"2294a846-fad4-53fb-8e16-0e070ec36493","","{""addr"":""*"",""allowed"":false}","","{""addr"":""*"",""allowed"":false}",""
"cbb758f7-351d-5d4c-87fc-bbf40c22075e","","{""addr"":""*"",""allowed"":false}","","{""addr"":""*"",""allowed"":false}",""
"eb302a25-590a-5088-9cb7-d82b115c45be","","{""addr"":""*"",""allowed"":false}","","{""addr"":""*"",""allowed"":false}",""
"6347562c-74e6-5773-9679-316943454d8e","","{""addr"":""*"",""allowed"":false}","","{""addr"":""*"",""allowed"":false}",""
"c4acdefa-e7bc-58c6-8aec-f9e7fbce59f5","","{""addr"":""*"",""allowed"":false}","","{""addr"":""*"",""allowed"":false}",""
"33667b0b-dd4e-5375-8fe7-97b7c0551b45","","{""addr"":""*"",""allowed"":true,""children"":[{""addr"":""10.*"",""allowed"":false,""children"":[{""addr"":""10.0.4.1:67"",""allowed"":true}]},{""addr"":""255.*"",""allowed"":false,""children"":[{""addr"":""255.255.255.255:67"",""allowed"":true}]}]}","","{""addr"":""*"",""allowed"":true}",""
"d4fe8f95-5c40-5b4e-877c-522d2c0644ba","","{""addr"":""*"",""allowed"":true,""children"":[{""addr"":""10.*"",""allowed"":false,""children"":[{""addr"":""10.0.4.1:53"",""allowed"":true}]}]}","","{""addr"":""*"",""allowed"":true,""children"":[{""addr"":""google.*"",""allowed"":false,""children"":[{""addr"":""google.dns:53"",""allowed"":true}]}]}",""
"d9d22439-84b5-59f6-a65f-92c3c1706f69","","{""addr"":""*"",""allowed"":false}","","{""addr"":""*"",""allowed"":false}",""
"e9398a12-25ea-52f7-b17d-79944c2732a1","","{""addr"":""*"",""allowed"":false}","","{""addr"":""*"",""allowed"":false}",""
"12d90ae5-cf35-5e84-afc1-7e5eecc1c25f","","{""addr"":""*"",""allowed"":false}","","{""addr"":""*"",""allowed"":false,""children"":[{""addr"":""com.canonical.ps5.ntp1.prod-ntp-4:123""}]}",""
"6971e7ed-2790-5b59-843d-b9ef2a3748e7","","{""addr"":""*"",""allowed"":false,""children"":[{""addr"":""224.0.0.251:5353"",""allowed"":true},{""addr"":""239.255.255.250:1900"",""allowed"":true}]}","","{""addr"":""*"",""allowed"":false}",""
"c534e366-b317-57e7-afc3-33efa5c8391e","","{""addr"":""*"",""allowed"":false,""children"":[{""addr"":""192.168.*"",""allowed"":true},{""addr"":""10.0.*"",""allowed"":true}]}","","",""
"7ced10c0-6bbd-5cba-b668-14017050d1d3","","{""addr"":""*"",""allowed"":false}","","{""addr"":""*"",""allowed"":false,""children"":[{""addr"":""com.google.time4:123""},{""addr"":""org.computer42.hetzner.obelix:123""}]}",""
"57bccf76-e525-513e-8902-753242255649","","{""addr"":""*"",""allowed"":true,""children"":[{""addr"":""8.*"",""allowed"":false,""children"":[{""addr"":""8.209.77.113:443"",""allowed"":true}]},{""addr"":""89.21.*"",""allowed"":false,""children"":[{""addr"":""89.21.226.138.*"",""allowed"":true}]}]}","","{""addr"":""*"",""allowed"":true,""children"":[{""addr"":""com.akamaitechnologies.*"",""allowed"":false,""children"":[{""addr"":""com.akamaitechnologies.static.deploy.*"",""allowed"":true}]},{""addr"":""com.amazonaws.compute.eu-central-1.ec2-18-184-76-236.*"",""allowed"":false,""children"":[{""addr"":""com.amazonaws.compute.eu-central-1.ec2-18-184-76-236:443"",""allowed"":true}]},{""addr"":""com.amazonaws.compute.eu-central-1.ec2-18-196-142-136.*"",""allowed"":false,""children"":[{""addr"":""com.amazonaws.compute.eu-central-1.ec2-18-196-142-136:8883"",""allowed"":true}]},{""addr"":""com.amazonaws.compute.eu-central-1.ec2-18-197-160-145.*"",""allowed"":false,""children"":[{""addr"":""com.amazonaws.compute.eu-central-1.ec2-18-197-160-145:443"",""allowed"":true}]},{""addr"":""com.amazonaws.compute.eu-central-1.ec2-18-197-183-192.*"",""allowed"":false,""children"":[{""addr"":""com.amazonaws.compute.eu-central-1.ec2-18-197-183-192:8883"",""allowed"":true}]},{""addr"":""com.amazonaws.compute.eu-central-1.ec2-52-29-140-27.*"",""allowed"":false,""children"":[{""addr"":""com.amazonaws.compute.eu-central-1.ec2-52-29-140-27:443"",""allowed"":true}]},{""addr"":""com.amazonaws.compute.eu-central-1.ec2-52-29-160-219.*"",""allowed"":false,""children"":[{""addr"":""com.amazonaws.compute.eu-central-1.ec2-52-29-160-219:443"",""allowed"":true}]},{""addr"":""com.amazonaws.compute.eu-central-1.ec2-52-29-216-174.*"",""allowed"":false,""children"":[{""addr"":""com.amazonaws.compute.eu-central-1.ec2-52-29-216-174:443"",""allowed"":true}]},{""addr"":""com.facebook.edge-msgr-latest-shv-01-lhr8.*"",""allowed"":false,""children"":[{""addr"":""com.facebook.edge-msgr-latest-shv-01-lhr8:443"",""allowed"":true}]},{""addr"":""com.facebook.edge-star-shv-01-lhr8.*"",""allowed"":false,""children"":[{""addr"":""com.facebook.edge-star-shv-01-lhr8.web.*"",""allowed"":true}]},{""addr"":""com.facebook.whatsapp-chatd-edge-shv-01-lhr8.*"",""allowed"":false,""children"":[{""addr"":""com.facebook.whatsapp-chatd-edge-shv-01-lhr8:5222"",""allowed"":true}]},{""addr"":""com.googleusercontent.*"",""allowed"":false,""children"":[{""addr"":""com.googleusercontent.bc.*"",""allowed"":true,""children"":[{""addr"":""com.googleusercontent.bc.35.186.224.25.*"",""allowed"":false,""children"":[{""addr"":""com.googleusercontent.bc.35.186.224.25:443"",""allowed"":true}]},{""addr"":""com.googleusercontent.bc.35.186.224.47.*"",""allowed"":false,""children"":[{""addr"":""com.googleusercontent.bc.35.186.224.47:443"",""allowed"":true}]}]}]},{""addr"":""net.1e100.ams16s22-in-f4.*"",""allowed"":false,""children"":[{""addr"":""net.1e100.ams16s22-in-f4:443"",""allowed"":true}]},{""addr"":""net.1e100.lhr25s31-in-f10.*"",""allowed"":false,""children"":[{""addr"":""net.1e100.lhr25s31-in-f10:443"",""allowed"":true}]},{""addr"":""net.1e100.lhr25s33-in-f14.*"",""allowed"":false,""children"":[{""addr"":""net.1e100.lhr25s33-in-f14:443"",""allowed"":true}]},{""addr"":""net.1e100.lhr48s27-in-f10.*"",""allowed"":false,""children"":[{""addr"":""net.1e100.lhr48s27-in-f10:443"",""allowed"":true}]},{""addr"":""net.1e100.lhr48s27-in-f14.*"",""allowed"":false,""children"":[{""addr"":""net.1e100.lhr48s27-in-f14.web.*"",""allowed"":true}]},{""addr"":""net.cloudfront.*"",""allowed"":false,""children"":[{""addr"":""net.cloudfront.r.*"",""allowed"":true,""children"":[{""addr"":""net.cloudfront.r.lhr61.server-13-224-222-82.*"",""allowed"":false,""children"":[{""addr"":""net.cloudfront.r.lhr61.server-13-224-222-82:443"",""allowed"":true}]},{""addr"":""net.cloudfront.r.lhr61.server-99-86-114-87.*"",""allowed"":false,""children"":[{""addr"":""net.cloudfront.r.lhr61.server-99-86-114-87:443"",""allowed"":true}]}]}]},{""addr"":""net.fbcdn.edge-video-shv-01-lhr8.*"",""allowed"":false,""children"":[{""addr"":""net.fbcdn.edge-video-shv-01-lhr8:443"",""allowed"":true}]},{""addr"":""net.llnw.*"",""allowed"":false,""children"":[{""addr"":""net.llnw.lhr.*"",""allowed"":true,""children"":[{""addr"":""net.llnw.lhr.https-87-248-204-27.*"",""allowed"":false,""children"":[{""addr"":""net.llnw.lhr.https-87-248-204-27:80"",""allowed"":true}]}]}]}]}",""
"d28a220e-d8a0-5988-9ab5-db809c6ab14a","","{""addr"":""*"",""allowed"":false}","","{""addr"":""*"",""allowed"":false,""children"":[{""addr"":""10.0.5.1:80""},{""addr"":""10.0.5.255:51537""},{""addr"":""10.0.5.255:57621""},{""addr"":""10.0.7.237:14568""},{""addr"":""10.0.7.237:41451""}]}",""
"78597ef6-27a8-58d7-950f-8269f629b58d","","{""addr"":""*"",""allowed"":false}","","{""addr"":""*"",""allowed"":false}",""
"522f20b5-006a-5ff8-9a28-08577d603502","","{""addr"":""*"",""allowed"":false}","","{""addr"":""*"",""allowed"":false}",""
"cb15c2cd-18d6-5400-9924-430b352b23a4","","{""addr"":""*"",""allowed"":true,""children"":[{""addr"":""224.*"",""allowed"":false,""children"":[{""addr"":""224.0.*"",""allowed"":true,""children"":[{""addr"":""224.0.0.*"",""allowed"":false,""children"":[{""addr"":""224.0.0.251:5353"",""allowed"":true}]}]}]},{""addr"":""226.0.*"",""allowed"":false,""children"":[{""addr"":""226.0.16.16:30012"",""allowed"":true}]},{""addr"":""226.120.*"",""allowed"":false,""children"":[{""addr"":""226.120.89.84:30012"",""allowed"":true}]},{""addr"":""226.121.*"",""allowed"":false,""children"":[{""addr"":""226.121.84.83:30012"",""allowed"":true}]},{""addr"":""226.122.*"",""allowed"":false,""children"":[{""addr"":""226.122.49.48:30012"",""allowed"":true}]},{""addr"":""226.35.*"",""allowed"":false,""children"":[{""addr"":""226.35.85.69:30012"",""allowed"":true}]},{""addr"":""226.64.*"",""allowed"":false,""children"":[{""addr"":""226.64.17.17:30012"",""allowed"":true}]},{""addr"":""226.65.*"",""allowed"":false,""children"":[{""addr"":""226.65.134.220:30012"",""allowed"":true}]},{""addr"":""226.66.*"",""allowed"":false,""children"":[{""addr"":""226.66.89.65:30012"",""allowed"":true}]},{""addr"":""226.67.*"",""allowed"":false,""children"":[{""addr"":""226.67.113.110:30012"",""allowed"":true}]},{""addr"":""226.72.*"",""allowed"":false,""children"":[{""addr"":""226.72.116.45:30012"",""allowed"":true}]},{""addr"":""226.73.*"",""allowed"":false,""children"":[{""addr"":""226.73.114.117:30012"",""allowed"":true}]},{""addr"":""226.74.*"",""allowed"":false,""children"":[{""addr"":""226.74.105.114:30012"",""allowed"":true}]},{""addr"":""226.75.*"",""allowed"":false,""children"":[{""addr"":""226.75.0.115:30012"",""allowed"":true}]},{""addr"":""239.*"",""allowed"":false,""children"":[{""addr"":""239.255.255.250.*"",""allowed"":true}]}]}","","{""addr"":""*"",""allowed"":true}",""
"75095f5b-f270-583a-a78e-146f361713b4","","{""addr"":""*"",""allowed"":false}","","{""addr"":""*"",""allowed"":false}",""
"c917d8a5-a6c9-53e9-bb19-28d9fa578ce0","","{""addr"":""*"",""allowed"":false}","","{""addr"":""*"",""allowed"":false}",""
"de0d0085-d294-58e7-966c-4b0267893c21","","{""addr"":""*"",""allowed"":false}","","{""addr"":""*"",""allowed"":false,""children"":[{""addr"":""net.1e100.wa-in-f108:993""},{""addr"":""net.1e100.wa-in-f109:993""},{""addr"":""net.1e100.wb-in-f108:993""},{""addr"":""net.1e100.wb-in-f109:993""},{""addr"":""net.1e100.wf-in-f109:993""},{""addr"":""net.1e100.wg-in-f108:993""},{""addr"":""net.1e100.wn-in-f109:993""},{""addr"":""net.1e100.wo-in-f108:993""},{""addr"":""net.1e100.wq-in-f108:993""},{""addr"":""net.1e100.wr-in-f108:993""},{""addr"":""net.1e100.wr-in-f109:993""},{""addr"":""net.1e100.ws-in-f108:993""},{""addr"":""net.1e100.ws-in-f109:993""}]}",""
"c6d3a72c-ee7f-569b-ae9b-2fa74dcf552d","","{""addr"":""*"",""allowed"":false}","","{""addr"":""*"",""allowed"":false}",""
"33ebb201-856e-5e9b-bf45-75aee1fe09d5","","{""addr"":""*"",""allowed"":false}","","{""addr"":""*"",""allowed"":false,""children"":[{""addr"":""255.255.255.255:67""}]}",""
"30f91702-96fd-57ba-94e7-e15fa960a43a","","{""addr"":""*"",""allowed"":false}","","{""addr"":""*"",""allowed"":false,""children"":[{""addr"":""10.0.5.1:53""}]}",""
"8344507f-83b1-5866-ab15-5fae54d86888","","{""addr"":""*"",""allowed"":false}","","{""addr"":""*"",""allowed"":false,""children"":[{""addr"":""255.255.255.255:30011"",""allowed"":true},{""addr"":""255.255.255.255:3703"",""allowed"":true}]}",""
"52a070c9-d69d-58fc-9fa0-dee93fc13b5a","","{""addr"":""*"",""allowed"":false}","","{""addr"":""*"",""allowed"":false}",""
"7a7a3043-1ea4-5ff1-84ab-b1225f22cda6","","{""addr"":""*"",""allowed"":false}","","{""addr"":""*"",""allowed"":false,""children"":[{""addr"":""com.canonical.ps5.ntp1.prod-ntp-4:123""}]}",""
"1363353f-8e61-54b4-93a1-9fdd972b3394","","{""addr"":""*"",""allowed"":false,""children"":[{""addr"":""224.0.0.251:5353"",""allowed"":true},{""addr"":""239.255.255.250:1900"",""allowed"":true}]}","","{""addr"":""*"",""allowed"":false}",""
"b749b1f9-24e0-57cd-bea3-b8077af85b77","","{""addr"":""*"",""allowed"":false,""children"":[{""addr"":""192.168.*"",""allowed"":true},{""addr"":""10.0.*"",""allowed"":true}]}","","",""
"90a9d7ea-b59d-563a-bc18-d65698ed2b7b","","{""addr"":""*"",""allowed"":false}","","{""addr"":""*"",""allowed"":false,""children"":[{""addr"":""com.google.time4:123""},{""addr"":""org.computer42.hetzner.obelix:123""}]}",""
"0cc5a56a-ba54-5e18-ac6d-cc25dd14a161","","{""addr"":""*"",""allowed"":true,""children"":[{""addr"":""8.*"",""allowed"":false,""children"":[{""addr"":""8.209.77.113:443"",""allowed"":true}]},{""addr"":""89.21.*"",""allowed"":false,""children"":[{""addr"":""89.21.226.138.*"",""allowed"":true}]}]}","","{""addr"":""*"",""allowed"":true,""children"":[{""addr"":""com.akamaitechnologies.*"",""allowed"":false,""children"":[{""addr"":""com.akamaitechnologies.static.deploy.*"",""allowed"":true}]},{""addr"":""com.amazonaws.compute.eu-central-1.ec2-18-184-76-236.*"",""allowed"":false,""children"":[{""addr"":""com.amazonaws.compute.eu-central-1.ec2-18-184-76-236:443"",""allowed"":true}]},{""addr"":""com.amazonaws.compute.eu-central-1.ec2-18-196-142-136.*"",""allowed"":false,""children"":[{""addr"":""com.amazonaws.compute.eu-central-1.ec2-18-196-142-136:8883"",""allowed"":true}]},{""addr"":""com.amazonaws.compute.eu-central-1.ec2-18-197-160-145.*"",""allowed"":false,""children"":[{""addr"":""com.amazonaws.compute.eu-central-1.ec2-18-197-160-145:443"",""allowed"":true}]},{""addr"":""com.amazonaws.compute.eu-central-1.ec2-18-197-183-192.*"",""allowed"":false,""children"":[{""addr"":""com.amazonaws.compute.eu-central-1.ec2-18-197-183-192:8883"",""allowed"":true}]},{""addr"":""com.amazonaws.compute.eu-central-1.ec2-52-29-140-27.*"",""allowed"":false,""children"":[{""addr"":""com.amazonaws.compute.eu-central-1.ec2-52-29-140-27:443"",""allowed"":true}]},{""addr"":""com.amazonaws.compute.eu-central-1.ec2-52-29-160-219.*"",""allowed"":false,""children"":[{""addr"":""com.amazonaws.compute.eu-central-1.ec2-52-29-160-219:443"",""allowed"":true}]},{""addr"":""com.amazonaws.compute.eu-central-1.ec2-52-29-216-174.*"",""allowed"":false,""children"":[{""addr"":""com.amazonaws.compute.eu-central-1.ec2-52-29-216-174:443"",""allowed"":true}]},{""addr"":""com.facebook.edge-msgr-latest-shv-01-lhr8.*"",""allowed"":false,""children"":[{""addr"":""com.facebook.edge-msgr-latest-shv-01-lhr8:443"",""allowed"":true}]},{""addr"":""com.facebook.edge-star-shv-01-lhr8.*"",""allowed"":false,""children"":[{""addr"":""com.facebook.edge-star-shv-01-lhr8.web.*"",""allowed"":true}]},{""addr"":""com.facebook.whatsapp-chatd-edge-shv-01-lhr8.*"",""allowed"":false,""children"":[{""addr"":""com.facebook.whatsapp-chatd-edge-shv-01-lhr8:5222"",""allowed"":true}]},{""addr"":""com.googleusercontent.*"",""allowed"":false,""children"":[{""addr"":""com.googleusercontent.bc.*"",""allowed"":true,""children"":[{""addr"":""com.googleusercontent.bc.35.186.224.25.*"",""allowed"":false,""children"":[{""addr"":""com.googleusercontent.bc.35.186.224.25:443"",""allowed"":true}]},{""addr"":""com.googleusercontent.bc.35.186.224.47.*"",""allowed"":false,""children"":[{""addr"":""com.googleusercontent.bc.35.186.224.47:443"",""allowed"":true}]}]}]},{""addr"":""net.1e100.ams16s22-in-f4.*"",""allowed"":false,""children"":[{""addr"":""net.1e100.ams16s22-in-f4:443"",""allowed"":true}]},{""addr"":""net.1e100.lhr25s31-in-f10.*"",""allowed"":false,""children"":[{""addr"":""net.1e100.lhr25s31-in-f10:443"",""allowed"":true}]},{""addr"":""net.1e100.lhr25s33-in-f14.*"",""allowed"":false,""children"":[{""addr"":""net.1e100.lhr25s33-in-f14:443"",""allowed"":true}]},{""addr"":""net.1e100.lhr48s27-in-f10.*"",""allowed"":false,""children"":[{""addr"":""net.1e100.lhr48s27-in-f10:443"",""allowed"":true}]},{""addr"":""net.1e100.lhr48s27-in-f14.*"",""allowed"":false,""children"":[{""addr"":""net.1e100.lhr48s27-in-f14.web.*"",""allowed"":true}]},{""addr"":""net.cloudfront.*"",""allowed"":false,""children"":[{""addr"":""net.cloudfront.r.*"",""allowed"":true,""children"":[{""addr"":""net.cloudfront.r.lhr61.server-13-224-222-82.*"",""allowed"":false,""children"":[{""addr"":""net.cloudfront.r.lhr61.server-13-224-222-82:443"",""allowed"":true}]},{""addr"":""net.cloudfront.r.lhr61.server-99-86-114-87.*"",""allowed"":false,""children"":[{""addr"":""net.cloudfront.r.lhr61.server-99-86-114-87:443"",""allowed"":true}]}]}]},{""addr"":""net.fbcdn.edge-video-shv-01-lhr8.*"",""allowed"":false,""children"":[{""addr"":""net.fbcdn.edge-video-shv-01-lhr8:443"",""allowed"":true}]},{""addr"":""net.llnw.*"",""allowed"":false,""children"":[{""addr"":""net.llnw.lhr.*"",""allowed"":true,""children"":[{""addr"":""net.llnw.lhr.https-87-248-204-27.*"",""allowed"":false,""children"":[{""addr"":""net.llnw.lhr.https-87-248-204-27:80"",""allowed"":true}]}]}]}]}",""
"7d2bf3f4-22f8-5fc5-a076-f8642448b7aa","","{""addr"":""*"",""allowed"":false}","","{""addr"":""*"",""allowed"":false,""children"":[{""addr"":""10.0.5.1:80""},{""addr"":""10.0.5.255:51537""},{""addr"":""10.0.5.255:57621""},{""addr"":""10.0.7.237:14568""},{""addr"":""10.0.7.237:41451""}]}",""
"cde8ef5a-6ec8-5b76-a2d3-ba14fdbd6c6e","","{""addr"":""*"",""allowed"":false}","","{""addr"":""*"",""allowed"":false}",""
"df94dc37-6b7c-5ccc-b417-6528192435fd","","{""addr"":""*"",""allowed"":false}","","{""addr"":""*"",""allowed"":false}",""
"92ba978c-39e7-5168-b31e-4055e1c9a57d","","{""addr"":""*"",""allowed"":true,""children"":[{""addr"":""224.*"",""allowed"":false,""children"":[{""addr"":""224.0.*"",""allowed"":true,""children"":[{""addr"":""224.0.0.*"",""allowed"":false,""children"":[{""addr"":""224.0.0.251:5353"",""allowed"":true}]}]}]},{""addr"":""226.0.*"",""allowed"":false,""children"":[{""addr"":""226.0.16.16:30012"",""allowed"":true}]},{""addr"":""226.120.*"",""allowed"":false,""children"":[{""addr"":""226.120.89.84:30012"",""allowed"":true}]},{""addr"":""226.121.*"",""allowed"":false,""children"":[{""addr"":""226.121.84.83:30012"",""allowed"":true}]},{""addr"":""226.122.*"",""allowed"":false,""children"":[{""addr"":""226.122.49.48:30012"",""allowed"":true}]},{""addr"":""226.35.*"",""allowed"":false,""children"":[{""addr"":""226.35.85.69:30012"",""allowed"":true}]},{""addr"":""226.64.*"",""allowed"":false,""children"":[{""addr"":""226.64.17.17:30012"",""allowed"":true}]},{""addr"":""226.65.*"",""allowed"":false,""children"":[{""addr"":""226.65.134.220:30012"",""allowed"":true}]},{""addr"":""226.66.*"",""allowed"":false,""children"":[{""addr"":""226.66.89.65:30012"",""allowed"":true}]},{""addr"":""226.67.*"",""allowed"":false,""children"":[{""addr"":""226.67.113.110:30012"",""allowed"":true}]},{""addr"":""226.72.*"",""allowed"":false,""children"":[{""addr"":""226.72.116.45:30012"",""allowed"":true}]},{""addr"":""226.73.*"",""allowed"":false,""children"":[{""addr"":""226.73.114.117:30012"",""allowed"":true}]},{""addr"":""226.74.*"",""allowed"":false,""children"":[{""addr"":""226.74.105.114:30012"",""allowed"":true}]},{""addr"":""226.75.*"",""allowed"":false,""children"":[{""addr"":""226.75.0.115:30012"",""allowed"":true}]},{""addr"":""239.*"",""allowed"":false,""children"":[{""addr"":""239.255.255.250.*"",""allowed"":true}]}]}","","{""addr"":""*"",""allowed"":true}",""
"3a9e3ab0-ea85-5ea1-b47d-3d76915fedd6","","{""addr"":""*"",""allowed"":false}","","{""addr"":""*"",""allowed"":false}",""
"6864b9b8-63b2-5777-83ed-0bf3244d93b7","","{""addr"":""*"",""allowed"":false}","","{""addr"":""*"",""allowed"":false}",""
"52352718-49ad-550a-8a3a-36585464c54b","","{""addr"":""*"",""allowed"":false}","","{""addr"":""*"",""allowed"":false,""children"":[{""addr"":""net.1e100.wa-in-f108:993""},{""addr"":""net.1e100.wa-in-f109:993""},{""addr"":""net.1e100.wb-in-f108:993""},{""addr"":""net.1e100.wb-in-f109:993""},{""addr"":""net.1e100.wf-in-f109:993""},{""addr"":""net.1e100.wg-in-f108:993""},{""addr"":""net.1e100.wn-in-f109:993""},{""addr"":""net.1e100.wo-in-f108:993""},{""addr"":""net.1e100.wq-in-f108:993""},{""addr"":""net.1e100.wr-in-f108:993""},{""addr"":""net.1e100.wr-in-f109:993""},{""addr"":""net.1e100.ws-in-f108:993""},{""addr"":""net.1e100.ws-in-f109:993""}]}",""
"95df28da-4fa1-5259-8da4-9e4c17a46c3f","","{""addr"":""*"",""allowed"":false}","","{""addr"":""*"",""allowed"":false}",""
"0a01b3da-9e62-54b5-aa58-4c29b920ad52","","{""addr"":""*"",""allowed"":false}","","{""addr"":""*"",""allowed"":false,""children"":[{""addr"":""255.255.255.255:67""}]}",""
"98f6c767-01ab-5db3-92f3-283b82ecd127","","{""addr"":""*"",""allowed"":false}","","{""addr"":""*"",""allowed"":false,""children"":[{""addr"":""10.0.5.1:53""}]}",""
"4fecb0f8-a0ea-5711-881f-bddb67b6215c","","{""addr"":""*"",""allowed"":false}","","{""addr"":""*"",""allowed"":false,""children"":[{""addr"":""255.255.255.255:30011"",""allowed"":true},{""addr"":""255.255.255.255:3703"",""allowed"":true}]}",""
"9c5a4f5d-3356-54c4-8da7-c723a26ccae9","","{""addr"":""*"",""allowed"":false}","","{""addr"":""*"",""allowed"":false}",""
"b27c1ab0-988f-5d4d-bcce-2e2dda0f9ef9","","{""addr"":""*"",""allowed"":false}","","{""addr"":""*"",""allowed"":false,""children"":[{""addr"":""com.canonical.ps5.ntp1.prod-ntp-4:123""}]}",""
"6129ef18-2011-572c-a1da-ad4fc9e52e75","","{""addr"":""*"",""allowed"":false,""children"":[{""addr"":""224.0.0.251:5353"",""allowed"":true},{""addr"":""239.255.255.250:1900"",""allowed"":true}]}","","{""addr"":""*"",""allowed"":false}",""
"345307e1-40e2-5f02-a20a-8ad7b29a0511","","{""addr"":""*"",""allowed"":false,""children"":[{""addr"":""192.168.*"",""allowed"":true},{""addr"":""10.0.*"",""allowed"":true}]}","","",""
"76302fa6-9e4b-5321-b907-a75e9f70a956","","{""addr"":""*"",""allowed"":false}","","{""addr"":""*"",""allowed"":false,""children"":[{""addr"":""com.google.time4:123""},{""addr"":""org.computer42.hetzner.obelix:123""}]}",""
"c34cfb6f-34a9-55cd-bc3e-0440d69ff807","","{""addr"":""*"",""allowed"":true,""children"":[{""addr"":""8.*"",""allowed"":false,""children"":[{""addr"":""8.209.77.113:443"",""allowed"":true}]},{""addr"":""89.21.*"",""allowed"":false,""children"":[{""addr"":""89.21.226.138.*"",""allowed"":true}]}]}","","{""addr"":""*"",""allowed"":true,""children"":[{""addr"":""com.akamaitechnologies.*"",""allowed"":false,""children"":[{""addr"":""com.akamaitechnologies.static.deploy.*"",""allowed"":true}]},{""addr"":""com.amazonaws.compute.eu-central-1.ec2-18-184-76-236.*"",""allowed"":false,""children"":[{""addr"":""com.amazonaws.compute.eu-central-1.ec2-18-184-76-236:443"",""allowed"":true}]},{""addr"":""com.amazonaws.compute.eu-central-1.ec2-18-196-142-136.*"",""allowed"":false,""children"":[{""addr"":""com.amazonaws.compute.eu-central-1.ec2-18-196-142-136:8883"",""allowed"":true}]},{""addr"":""com.amazonaws.compute.eu-central-1.ec2-18-197-160-145.*"",""allowed"":false,""children"":[{""addr"":""com.amazonaws.compute.eu-central-1.ec2-18-197-160-145:443"",""allowed"":true}]},{""addr"":""com.amazonaws.compute.eu-central-1.ec2-18-197-183-192.*"",""allowed"":false,""children"":[{""addr"":""com.amazonaws.compute.eu-central-1.ec2-18-197-183-192:8883"",""allowed"":true}]},{""addr"":""com.amazonaws.compute.eu-central-1.ec2-52-29-140-27.*"",""allowed"":false,""children"":[{""addr"":""com.amazonaws.compute.eu-central-1.ec2-52-29-140-27:443"",""allowed"":true}]},{""addr"":""com.amazonaws.compute.eu-central-1.ec2-52-29-160-219.*"",""allowed"":false,""children"":[{""addr"":""com.amazonaws.compute.eu-central-1.ec2-52-29-160-219:443"",""allowed"":true}]},{""addr"":""com.amazonaws.compute.eu-central-1.ec2-52-29-216-174.*"",""allowed"":false,""children"":[{""addr"":""com.amazonaws.compute.eu-central-1.ec2-52-29-216-174:443"",""allowed"":true}]},{""addr"":""com.facebook.edge-msgr-latest-shv-01-lhr8.*"",""allowed"":false,""children"":[{""addr"":""com.facebook.edge-msgr-latest-shv-01-lhr8:443"",""allowed"":true}]},{""addr"":""com.facebook.edge-star-shv-01-lhr8.*"",""allowed"":false,""children"":[{""addr"":""com.facebook.edge-star-shv-01-lhr8.web.*"",""allowed"":true}]},{""addr"":""com.facebook.whatsapp-chatd-edge-shv-01-lhr8.*"",""allowed"":false,""children"":[{""addr"":""com.facebook.whatsapp-chatd-edge-shv-01-lhr8:5222"",""allowed"":true}]},{""addr"":""com.googleusercontent.*"",""allowed"":false,""children"":[{""addr"":""com.googleusercontent.bc.*"",""allowed"":true,""children"":[{""addr"":""com.googleusercontent.bc.35.186.224.25.*"",""allowed"":false,""children"":[{""addr"":""com.googleusercontent.bc.35.186.224.25:443"",""allowed"":true}]},{""addr"":""com.googleusercontent.bc.35.186.224.47.*"",""allowed"":false,""children"":[{""addr"":""com.googleusercontent.bc.35.186.224.47:443"",""allowed"":true}]}]}]},{""addr"":""net.1e100.ams16s22-in-f4.*"",""allowed"":false,""children"":[{""addr"":""net.1e100.ams16s22-in-f4:443"",""allowed"":true}]},{""addr"":""net.1e100.lhr25s31-in-f10.*"",""allowed"":false,""children"":[{""addr"":""net.1e100.lhr25s31-in-f10:443"",""allowed"":true}]},{""addr"":""net.1e100.lhr25s33-in-f14.*"",""allowed"":false,""children"":[{""addr"":""net.1e100.lhr25s33-in-f14:443"",""allowed"":true}]},{""addr"":""net.1e100.lhr48s27-in-f10.*"",""allowed"":false,""children"":[{""addr"":""net.1e100.lhr48s27-in-f10:443"",""allowed"":true}]},{""addr"":""net.1e100.lhr48s27-in-f14.*"",""allowed"":false,""children"":[{""addr"":""net.1e100.lhr48s27-in-f14.web.*"",""allowed"":true}]},{""addr"":""net.cloudfront.*"",""allowed"":false,""children"":[{""addr"":""net.cloudfront.r.*"",""allowed"":true,""children"":[{""addr"":""net.cloudfront.r.lhr61.server-13-224-222-82.*"",""allowed"":false,""children"":[{""addr"":""net.cloudfront.r.lhr61.server-13-224-222-82:443"",""allowed"":true}]},{""addr"":""net.cloudfront.r.lhr61.server-99-86-114-87.*"",""allowed"":false,""children"":[{""addr"":""net.cloudfront.r.lhr61.server-99-86-114-87:443"",""allowed"":true}]}]}]},{""addr"":""net.fbcdn.edge-video-shv-01-lhr8.*"",""allowed"":false,""children"":[{""addr"":""net.fbcdn.edge-video-shv-01-lhr8:443"",""allowed"":true}]},{""addr"":""net.llnw.*"",""allowed"":false,""children"":[{""addr"":""net.llnw.lhr.*"",""allowed"":true,""children"":[{""addr"":""net.llnw.lhr.https-87-248-204-27.*"",""allowed"":false,""children"":[{""addr"":""net.llnw.lhr.https-87-248-204-27:80"",""allowed"":true}]}]}]}]}",""
"863f70ac-3717-5405-a42f-c96c75fcc9c9","","{""addr"":""*"",""allowed"":false}","","{""addr"":""*"",""allowed"":false,""children"":[{""addr"":""10.0.5.1:80""},{""addr"":""10.0.5.255:51537""},{""addr"":""10.0.5.255:57621""},{""addr"":""10.0.7.237:14568""},{""addr"":""10.0.7.237:41451""}]}",""
"ea743e7f-7c40-55b0-a1bc-bce2cef9f71d","","{""addr"":""*"",""allowed"":false}","","{""addr"":""*"",""allowed"":false}",""
"c682b804-542c-5f36-b642-2c3d51ffb16e","","{""addr"":""*"",""allowed"":false}","","{""addr"":""*"",""allowed"":false}",""
"bf688a5d-1176-56c6-810b-4c86c3802f56","","{""addr"":""*"",""allowed"":true,""children"":[{""addr"":""224.*"",""allowed"":false,""children"":[{""addr"":""224.0.*"",""allowed"":true,""children"":[{""addr"":""224.0.0.*"",""allowed"":false,""children"":[{""addr"":""224.0.0.251:5353"",""allowed"":true}]}]}]},{""addr"":""226.0.*"",""allowed"":false,""children"":[{""addr"":""226.0.16.16:30012"",""allowed"":true}]},{""addr"":""226.120.*"",""allowed"":false,""children"":[{""addr"":""226.120.89.84:30012"",""allowed"":true}]},{""addr"":""226.121.*"",""allowed"":false,""children"":[{""addr"":""226.121.84.83:30012"",""allowed"":true}]},{""addr"":""226.122.*"",""allowed"":false,""children"":[{""addr"":""226.122.49.48:30012"",""allowed"":true}]},{""addr"":""226.35.*"",""allowed"":false,""children"":[{""addr"":""226.35.85.69:30012"",""allowed"":true}]},{""addr"":""226.64.*"",""allowed"":false,""children"":[{""addr"":""226.64.17.17:30012"",""allowed"":true}]},{""addr"":""226.65.*"",""allowed"":false,""children"":[{""addr"":""226.65.134.220:30012"",""allowed"":true}]},{""addr"":""226.66.*"",""allowed"":false,""children"":[{""addr"":""226.66.89.65:30012"",""allowed"":true}]},{""addr"":""226.67.*"",""allowed"":false,""children"":[{""addr"":""226.67.113.110:30012"",""allowed"":true}]},{""addr"":""226.72.*"",""allowed"":false,""children"":[{""addr"":""226.72.116.45:30012"",""allowed"":true}]},{""addr"":""226.73.*"",""allowed"":false,""children"":[{""addr"":""226.73.114.117:30012"",""allowed"":true}]},{""addr"":""226.74.*"",""allowed"":false,""children"":[{""addr"":""226.74.105.114:30012"",""allowed"":true}]},{""addr"":""226.75.*"",""allowed"":false,""children"":[{""addr"":""226.75.0.115:30012"",""allowed"":true}]},{""addr"":""239.*"",""allowed"":false,""children"":[{""addr"":""239.255.255.250.*"",""allowed"":true}]}]}","","{""addr"":""*"",""allowed"":true}",""
"94519dbf-c6ac-5f73-a697-ecc3f4daa854","","{""addr"":""*"",""allowed"":false}","","{""addr"":""*"",""allowed"":false}",""
"6e89bbb8-0daa-54ac-887a-39ebffe2f7f6","","{""addr"":""*"",""allowed"":false}","","{""addr"":""*"",""allowed"":false}",""
"0cebab7d-dab0-53e9-a16a-69bc1ed6e590","","{""addr"":""*"",""allowed"":false}","","{""addr"":""*"",""allowed"":false,""children"":[{""addr"":""net.1e100.wa-in-f108:993""},{""addr"":""net.1e100.wa-in-f109:993""},{""addr"":""net.1e100.wb-in-f108:993""},{""addr"":""net.1e100.wb-in-f109:993""},{""addr"":""net.1e100.wf-in-f109:993""},{""addr"":""net.1e100.wg-in-f108:993""},{""addr"":""net.1e100.wn-in-f109:993""},{""addr"":""net.1e100.wo-in-f108:993""},{""addr"":""net.1e100.wq-in-f108:993""},{""addr"":""net.1e100.wr-in-f108:993""},{""addr"":""net.1e100.wr-in-f109:993""},{""addr"":""net.1e100.ws-in-f108:993""},{""addr"":""net.1e100.ws-in-f109:993""}]}",""
"a8c9a9a3-cab6-5b86-ba42-b2bae46492b3","","{""addr"":""*"",""allowed"":false}","","{""addr"":""*"",""allowed"":false}",""
"99b3cb5d-a011-53dc-a3ec-030b4a8af9c0","","{""addr"":""*"",""allowed"":false}","","{""addr"":""*"",""allowed"":false,""children"":[{""addr"":""255.255.255.255:67""}]}",""
"d8b9743f-c153-5bd4-b69c-bc8b869f7c91","","{""addr"":""*"",""allowed"":false}","","{""addr"":""*"",""allowed"":false,""children"":[{""addr"":""10.0.5.1:53""}]}",""
"438f2733-0dd8-5541-a7c8-abc95ee69f92","","{""addr"":""*"",""allowed"":false}","","{""addr"":""*"",""allowed"":false,""children"":[{""addr"":""255.255.255.255:30011"",""allowed"":true},{""addr"":""255.255.255.255:3703"",""allowed"":true}]}",""
"e30e7676-7357-52e6-bcb5-ee223a991a14","","{""addr"":""*"",""allowed"":false}","","{""addr"":""*"",""allowed"":false}",""
"bd9f5602-4a7f-5e21-90f8-43a60e79f3ec","","{""addr"":""*"",""allowed"":false}","","{""addr"":""*"",""allowed"":false,""children"":[{""addr"":""com.canonical.ps5.ntp1.prod-ntp-4:123""}]}",""
"3d3a3564-8b57-5b60-a24d-a5cd6b9b3a9c","","{""addr"":""*"",""allowed"":false,""children"":[{""addr"":""224.0.0.251:5353"",""allowed"":true},{""addr"":""239.255.255.250:1900"",""allowed"":true}]}","","{""addr"":""*"",""allowed"":false}",""
"2a158075-c82f-594c-8d51-994bdcf8e0d0","","{""addr"":""*"",""allowed"":false}","","{""addr"":""*"",""allowed"":false,""children"":[{""addr"":""com.google.time4:123""},{""addr"":""org.computer42.hetzner.obelix:123""}]}",""
"5db7636e-3785-5ea4-b28d-df2a4e3dacaf","","{""addr"":""*"",""allowed"":true,""children"":[{""addr"":""8.*"",""allowed"":false,""children"":[{""addr"":""8.209.77.113:443"",""allowed"":true}]},{""addr"":""89.21.*"",""allowed"":false,""children"":[{""addr"":""89.21.226.138.*"",""allowed"":true}]}]}","","{""addr"":""*"",""allowed"":true,""children"":[{""addr"":""com.akamaitechnologies.*"",""allowed"":false,""children"":[{""addr"":""com.akamaitechnologies.static.deploy.*"",""allowed"":true}]},{""addr"":""com.amazonaws.compute.eu-central-1.ec2-18-184-76-236.*"",""allowed"":false,""children"":[{""addr"":""com.amazonaws.compute.eu-central-1.ec2-18-184-76-236:443"",""allowed"":true}]},{""addr"":""com.amazonaws.compute.eu-central-1.ec2-18-196-142-136.*"",""allowed"":false,""children"":[{""addr"":""com.amazonaws.compute.eu-central-1.ec2-18-196-142-136:8883"",""allowed"":true}]},{""addr"":""com.amazonaws.compute.eu-central-1.ec2-18-197-160-145.*"",""allowed"":false,""children"":[{""addr"":""com.amazonaws.compute.eu-central-1.ec2-18-197-160-145:443"",""allowed"":true}]},{""addr"":""com.amazonaws.compute.eu-central-1.ec2-18-197-183-192.*"",""allowed"":false,""children"":[{""addr"":""com.amazonaws.compute.eu-central-1.ec2-18-197-183-192:8883"",""allowed"":true}]},{""addr"":""com.amazonaws.compute.eu-central-1.ec2-52-29-140-27.*"",""allowed"":false,""children"":[{""addr"":""com.amazonaws.compute.eu-central-1.ec2-52-29-140-27:443"",""allowed"":true}]},{""addr"":""com.amazonaws.compute.eu-central-1.ec2-52-29-160-219.*"",""allowed"":false,""children"":[{""addr"":""com.amazonaws.compute.eu-central-1.ec2-52-29-160-219:443"",""allowed"":true}]},{""addr"":""com.amazonaws.compute.eu-central-1.ec2-52-29-216-174.*"",""allowed"":false,""children"":[{""addr"":""com.amazonaws.compute.eu-central-1.ec2-52-29-216-174:443"",""allowed"":true}]},{""addr"":""com.facebook.edge-msgr-latest-shv-01-lhr8.*"",""allowed"":false,""children"":[{""addr"":""com.facebook.edge-msgr-latest-shv-01-lhr8:443"",""allowed"":true}]},{""addr"":""com.facebook.edge-star-shv-01-lhr8.*"",""allowed"":false,""children"":[{""addr"":""com.facebook.edge-star-shv-01-lhr8.web.*"",""allowed"":true}]},{""addr"":""com.facebook.whatsapp-chatd-edge-shv-01-lhr8.*"",""allowed"":false,""children"":[{""addr"":""com.facebook.whatsapp-chatd-edge-shv-01-lhr8:5222"",""allowed"":true}]},{""addr"":""com.googleusercontent.*"",""allowed"":false,""children"":[{""addr"":""com.googleusercontent.bc.*"",""allowed"":true,""children"":[{""addr"":""com.googleusercontent.bc.35.186.224.25.*"",""allowed"":false,""children"":[{""addr"":""com.googleusercontent.bc.35.186.224.25:443"",""allowed"":true}]},{""addr"":""com.googleusercontent.bc.35.186.224.47.*"",""allowed"":false,""children"":[{""addr"":""com.googleusercontent.bc.35.186.224.47:443"",""allowed"":true}]}]}]},{""addr"":""net.1e100.ams16s22-in-f4.*"",""allowed"":false,""children"":[{""addr"":""net.1e100.ams16s22-in-f4:443"",""allowed"":true}]},{""addr"":""net.1e100.lhr25s31-in-f10.*"",""allowed"":false,""children"":[{""addr"":""net.1e100.lhr25s31-in-f10:443"",""allowed"":true}]},{""addr"":""net.1e100.lhr25s33-in-f14.*"",""allowed"":false,""children"":[{""addr"":""net.1e100.lhr25s33-in-f14:443"",""allowed"":true}]},{""addr"":""net.1e100.lhr48s27-in-f10.*"",""allowed"":false,""children"":[{""addr"":""net.1e100.lhr48s27-in-f10:443"",""allowed"":true}]},{""addr"":""net.1e100.lhr48s27-in-f14.*"",""allowed"":false,""children"":[{""addr"":""net.1e100.lhr48s27-in-f14.web.*"",""allowed"":true}]},{""addr"":""net.cloudfront.*"",""allowed"":false,""children"":[{""addr"":""net.cloudfront.r.*"",""allowed"":true,""children"":[{""addr"":""net.cloudfront.r.lhr61.server-13-224-222-82.*"",""allowed"":false,""children"":[{""addr"":""net.cloudfront.r.lhr61.server-13-224-222-82:443"",""allowed"":true}]},{""addr"":""net.cloudfront.r.lhr61.server-99-86-114-87.*"",""allowed"":false,""children"":[{""addr"":""net.cloudfront.r.lhr61.server-99-86-114-87:443"",""allowed"":true}]}]}]},{""addr"":""net.fbcdn.edge-video-shv-01-lhr8.*"",""allowed"":false,""children"":[{""addr"":""net.fbcdn.edge-video-shv-01-lhr8:443"",""allowed"":true}]},{""addr"":""net.llnw.*"",""allowed"":false,""children"":[{""addr"":""net.llnw.lhr.*"",""allowed"":true,""children"":[{""addr"":""net.llnw.lhr.https-87-248-204-27.*"",""allowed"":false,""children"":[{""addr"":""net.llnw.lhr.https-87-248-204-27:80"",""allowed"":true}]}]}]}]}",""
"40a8684b-e3b7-533f-8d04-dc1d3dcaee37","","{""addr"":""*"",""allowed"":false}","","{""addr"":""*"",""allowed"":false,""children"":[{""addr"":""10.0.5.1:80""},{""addr"":""10.0.5.255:51537""},{""addr"":""10.0.5.255:57621""},{""addr"":""10.0.7.237:14568""},{""addr"":""10.0.7.237:41451""}]}",""
"43461eb8-3b28-55dc-9144-6260ce8e6dd1","","{""addr"":""*"",""allowed"":false}","","{""addr"":""*"",""allowed"":false}",""
"040b8f5e-4fd9-5d6a-980a-c6be63e1dec0","","{""addr"":""*"",""allowed"":false}","","{""addr"":""*"",""allowed"":false}",""
"4312db8d-f4d9-52d7-8cd3-4fd02f11c71a","","{""addr"":""*"",""allowed"":true,""children"":[{""addr"":""224.*"",""allowed"":false,""children"":[{""addr"":""224.0.*"",""allowed"":true,""children"":[{""addr"":""224.0.0.*"",""allowed"":false,""children"":[{""addr"":""224.0.0.251:5353"",""allowed"":true}]}]}]},{""addr"":""226.0.*"",""allowed"":false,""children"":[{""addr"":""226.0.16.16:30012"",""allowed"":true}]},{""addr"":""226.120.*"",""allowed"":false,""children"":[{""addr"":""226.120.89.84:30012"",""allowed"":true}]},{""addr"":""226.121.*"",""allowed"":false,""children"":[{""addr"":""226.121.84.83:30012"",""allowed"":true}]},{""addr"":""226.122.*"",""allowed"":false,""children"":[{""addr"":""226.122.49.48:30012"",""allowed"":true}]},{""addr"":""226.35.*"",""allowed"":false,""children"":[{""addr"":""226.35.85.69:30012"",""allowed"":true}]},{""addr"":""226.64.*"",""allowed"":false,""children"":[{""addr"":""226.64.17.17:30012"",""allowed"":true}]},{""addr"":""226.65.*"",""allowed"":false,""children"":[{""addr"":""226.65.134.220:30012"",""allowed"":true}]},{""addr"":""226.66.*"",""allowed"":false,""children"":[{""addr"":""226.66.89.65:30012"",""allowed"":true}]},{""addr"":""226.67.*"",""allowed"":false,""children"":[{""addr"":""226.67.113.110:30012"",""allowed"":true}]},{""addr"":""226.72.*"",""allowed"":false,""children"":[{""addr"":""226.72.116.45:30012"",""allowed"":true}]},{""addr"":""226.73.*"",""allowed"":false,""children"":[{""addr"":""226.73.114.117:30012"",""allowed"":true}]},{""addr"":""226.74.*"",""allowed"":false,""children"":[{""addr"":""226.74.105.114:30012"",""allowed"":true}]},{""addr"":""226.75.*"",""allowed"":false,""children"":[{""addr"":""226.75.0.115:30012"",""allowed"":true}]},{""addr"":""239.*"",""allowed"":false,""children"":[{""addr"":""239.255.255.250.*"",""allowed"":true}]}]}","","{""addr"":""*"",""allowed"":true}",""
"a78e78fa-c944-5e5f-aa3f-6cd6e92d75b8","","{""addr"":""*"",""allowed"":false}","","{""addr"":""*"",""allowed"":false}",""
"6bf104da-6778-56d2-98c2-a0e884de2725","","{""addr"":""*"",""allowed"":false}","","{""addr"":""*"",""allowed"":false}",""
"425f504e-e580-51c4-8cf1-24816b34e6a6","","{""addr"":""*"",""allowed"":false}","","{""addr"":""*"",""allowed"":false,""children"":[{""addr"":""net.1e100.wa-in-f108:993""},{""addr"":""net.1e100.wa-in-f109:993""},{""addr"":""net.1e100.wb-in-f108:993""},{""addr"":""net.1e100.wb-in-f109:993""},{""addr"":""net.1e100.wf-in-f109:993""},{""addr"":""net.1e100.wg-in-f108:993""},{""addr"":""net.1e100.wn-in-f109:993""},{""addr"":""net.1e100.wo-in-f108:993""},{""addr"":""net.1e100.wq-in-f108:993""},{""addr"":""net.1e100.wr-in-f108:993""},{""addr"":""net.1e100.wr-in-f109:993""},{""addr"":""net.1e100.ws-in-f108:993""},{""addr"":""net.1e100.ws-in-f109:993""}]}",""
"7944ad30-eff7-53d7-bd27-9ac3c7777619","","{""addr"":""*"",""allowed"":false}","","{""addr"":""*"",""allowed"":false}",""
"53bb017c-9e9b-5e5c-b80c-c9f4f773c7af","","{""addr"":""*"",""allowed"":false}","","{""addr"":""*"",""allowed"":false,""children"":[{""addr"":""255.255.255.255:67""}]}",""
"e20d3c52-1d7e-5e3e-b98f-674c23a2e802","","{""addr"":""*"",""allowed"":false}","","{""addr"":""*"",""allowed"":false,""children"":[{""addr"":""10.0.5.1:53""}]}",""
"66d576b3-8076-5126-8336-e5572fd2eb8c","","{""addr"":""*"",""allowed"":false}","","{""addr"":""*"",""allowed"":false,""children"":[{""addr"":""255.255.255.255:30011"",""allowed"":true},{""addr"":""255.255.255.255:3703"",""allowed"":true}]}",""
"734fb36d-1134-50f3-bd01-0d9a5feb12cf","","{""addr"":""*"",""allowed"":false}","","{""addr"":""*"",""allowed"":false}",""
"3e85ab7c-32f4-5220-8830-b21895415807","","{""addr"":""*"",""allowed"":false}","","{""addr"":""*"",""allowed"":false,""children"":[{""addr"":""com.canonical.ps5.ntp1.prod-ntp-4:123""}]}",""
"e6898aee-1a69-5914-bff4-4f8f9f41821b","","{""addr"":""*"",""allowed"":false,""children"":[{""addr"":""224.0.0.251:5353"",""allowed"":true},{""addr"":""239.255.255.250:1900"",""allowed"":true}]}","","{""addr"":""*"",""allowed"":false}",""
"e892162c-fe32-52d4-8bd4-bfae859916ad","","{""addr"":""255.255.255.255/32""}","","",""
"2a35f960-7b59-5950-b633-e7ad28c5a123","","{""addr"":""*"",""allowed"":true,""children"":[{""addr"":""103.*"",""allowed"":false,""children"":[{""addr"":""103.219.22.112:123"",""allowed"":true}]},{""addr"":""12.*"",""allowed"":false,""children"":[{""addr"":""12.167.151.1:123"",""allowed"":true}]},{""addr"":""132.*"",""allowed"":false,""children"":[{""addr"":""132.226.210.133:123"",""allowed"":true}]},{""addr"":""155.*"",""allowed"":false,""children"":[{""addr"":""155.248.196.28:123"",""allowed"":true}]},{""addr"":""183.*"",""allowed"":false,""children"":[{""addr"":""183.136.184.225:123"",""allowed"":true}]},{""addr"":""185.*"",""allowed"":false,""children"":[{""addr"":""185.83.169.27:123"",""allowed"":true}]},{""addr"":""66.*"",""allowed"":false,""children"":[{""addr"":""66.85.78.80:123"",""allowed"":true}]},{""addr"":""77.*"",""allowed"":false,""children"":[{""addr"":""77.68.32.33:123"",""allowed"":true}]},{""addr"":""81.*"",""allowed"":false,""children"":[{""addr"":""81.128.218.110:123"",""allowed"":true}]},{""addr"":""85.*"",""allowed"":false,""children"":[{""addr"":""85.199.214.*"",""allowed"":true,""children"":[{""addr"":""85.199.214.100.*"",""allowed"":false,""children"":[{""addr"":""85.199.214.100:123"",""allowed"":true}]},{""addr"":""85.199.214.101.*"",""allowed"":false,""children"":[{""addr"":""85.199.214.101:123"",""allowed"":true}]},{""addr"":""85.199.214.102.*"",""allowed"":false,""children"":[{""addr"":""85.199.214.102:123"",""allowed"":true}]},{""addr"":""85.199.214.98.*"",""allowed"":false,""children"":[{""addr"":""85.199.214.98:123"",""allowed"":true}]}]}]}]}","","{""addr"":""*"",""allowed"":true,""children"":[{""addr"":""SE.*"",""allowed"":false,""children"":[{""addr"":""SE.Stupi.Time100:123"",""allowed"":true}]},{""addr"":""ar.*"",""allowed"":false,""children"":[{""addr"":""ar.gob.aggo-conicet.evlbi:123"",""allowed"":true}]},{""addr"":""at.*"",""allowed"":false,""children"":[{""addr"":""at.oe9hamnet.vpn:123"",""allowed"":true}]},{""addr"":""com.cloudflare.*"",""allowed"":false,""children"":[{""addr"":""com.cloudflare.time:123"",""allowed"":true}]},{""addr"":""com.ctyme.*"",""allowed"":false,""children"":[{""addr"":""com.ctyme.vps6:123"",""allowed"":true}]},{""addr"":""com.discosmash.*"",""allowed"":false,""children"":[{""addr"":""com.discosmash.webserver:123"",""allowed"":true}]},{""addr"":""com.jettimailfr.*"",""allowed"":false,""children"":[{""addr"":""com.jettimailfr.i.l1:123"",""allowed"":true}]},{""addr"":""com.kashra-server.ntp28.*"",""allowed"":false,""children"":[{""addr"":""com.kashra-server.ntp28:123"",""allowed"":true}]},{""addr"":""com.kashra-server.ntp97.*"",""allowed"":false,""children"":[{""addr"":""com.kashra-server.ntp97:123"",""allowed"":true}]},{""addr"":""com.linode.*"",""allowed"":false,""children"":[{""addr"":""com.linode.members.li432-123:123"",""allowed"":true}]},{""addr"":""com.pingless.*"",""allowed"":false,""children"":[{""addr"":""com.pingless:123"",""allowed"":true}]},{""addr"":""com.plus.*"",""allowed"":false,""children"":[{""addr"":""com.plus.31-125-29-254:123"",""allowed"":true}]},{""addr"":""com.positive-internet.*"",""allowed"":false,""children"":[{""addr"":""com.positive-internet.fluffykins:123"",""allowed"":true}]},{""addr"":""cx.*"",""allowed"":false,""children"":[{""addr"":""cx.flashdance.ntp1:123"",""allowed"":true}]},{""addr"":""eu.*"",""allowed"":false,""children"":[{""addr"":""eu.ip-51-89-151.183:123"",""allowed"":true}]},{""addr"":""id.*"",""allowed"":false,""children"":[{""addr"":""id.ac.unima.*"",""allowed"":true,""children"":[{""addr"":""id.ac.unima.time2.*"",""allowed"":false,""children"":[{""addr"":""id.ac.unima.time2:123"",""allowed"":true}]},{""addr"":""id.ac.unima.time4.*"",""allowed"":false,""children"":[{""addr"":""id.ac.unima.time4:123"",""allowed"":true}]}]}]},{""addr"":""ms.*"",""allowed"":false,""children"":[{""addr"":""ms.nat.ntp:123"",""allowed"":true}]},{""addr"":""net.allophone.*"",""allowed"":false,""children"":[{""addr"":""net.allophone.dynamic.ne.lnk04.oa02.167-248-49-102:123"",""allowed"":true}]},{""addr"":""net.amazing-internet.*"",""allowed"":false,""children"":[{""addr"":""net.amazing-internet.risca:123"",""allowed"":true}]},{""addr"":""net.aput.*"",""allowed"":false,""children"":[{""addr"":""net.aput.ams:123"",""allowed"":true}]},{""addr"":""net.as200552.*"",""allowed"":false,""children"":[{""addr"":""net.as200552.ntp1:123"",""allowed"":true}]},{""addr"":""net.as201971.*"",""allowed"":false,""children"":[{""addr"":""net.as201971.no-ptr.185.57.191.229:123"",""allowed"":true}]},{""addr"":""net.as44574.*"",""allowed"":false,""children"":[{""addr"":""net.as44574.uk.*"",""allowed"":true,""children"":[{""addr"":""net.as44574.uk.rdg.*"",""allowed"":false,""children"":[{""addr"":""net.as44574.uk.rdg.time:123"",""allowed"":true}]},{""addr"":""net.as44574.uk.shf.*"",""allowed"":false,""children"":[{""addr"":""net.as44574.uk.shf.time:123"",""allowed"":true}]}]}]},{""addr"":""net.boom.*"",""allowed"":false,""children"":[{""addr"":""net.boom.deadlock:123"",""allowed"":true}]},{""addr"":""net.comcast.*"",""allowed"":false,""children"":[{""addr"":""net.comcast.mn.hsd1.c-73-88-59-191:123"",""allowed"":true}]},{""addr"":""net.gigaclear.*"",""allowed"":false,""children"":[{""addr"":""net.gigaclear.customer.83-151-207-133:123"",""allowed"":true}]},{""addr"":""net.hojmark.*"",""allowed"":false,""children"":[{""addr"":""net.hojmark.goamst:123"",""allowed"":true}]},{""addr"":""net.incentre.*"",""allowed"":false,""children"":[{""addr"":""net.incentre.backoffice-1:123"",""allowed"":true}]},{""addr"":""net.init7.*"",""allowed"":false,""children"":[{""addr"":""net.init7.aquila:123"",""allowed"":true}]},{""addr"":""net.m-online.*"",""allowed"":false,""children"":[{""addr"":""net.m-online.ntp2:123"",""allowed"":true}]},{""addr"":""net.nexellent.*"",""allowed"":false,""children"":[{""addr"":""net.nexellent.ns1:123"",""allowed"":true}]},{""addr"":""net.ntt.*"",""allowed"":false,""children"":[{""addr"":""net.ntt.gin.ns.*"",""allowed"":true,""children"":[{""addr"":""net.ntt.gin.ns.x.*"",""allowed"":false,""children"":[{""addr"":""net.ntt.gin.ns.x:123"",""allowed"":true}]},{""addr"":""net.ntt.gin.ns.y.*"",""allowed"":false,""children"":[{""addr"":""net.ntt.gin.ns.y:123"",""allowed"":true}]}]}]},{""addr"":""net.padevsoft.*"",""allowed"":false,""children"":[{""addr"":""net.padevsoft.pubservices-ldn1-sirius:123"",""allowed"":true}]},{""addr"":""net.pinklemon.*"",""allowed"":false,""children"":[{""addr"":""net.pinklemon.electra:123"",""allowed"":true}]},{""addr"":""net.project-creative.*"",""allowed"":false,""children"":[{""addr"":""net.project-creative.root.mc1:123"",""allowed"":true}]},{""addr"":""net.quickdrivingtestcancellations.*"",""allowed"":false,""children"":[{""addr"":""net.quickdrivingtestcancellations.server1:123"",""allowed"":true}]},{""addr"":""net.spdwpl.*"",""allowed"":false,""children"":[{""addr"":""net.spdwpl.static.168-84:123"",""allowed"":true}]},{""addr"":""net.thorcom.ns0.*"",""allowed"":false,""children"":[{""addr"":""net.thorcom.ns0:123"",""allowed"":true}]},{""addr"":""net.thorcom.ns1.*"",""allowed"":false,""children"":[{""addr"":""net.thorcom.ns1:123"",""allowed"":true}]},{""addr"":""net.wirehive.ntp1.*"",""allowed"":false,""children"":[{""addr"":""net.wirehive.ntp1:123"",""allowed"":true}]},{""addr"":""net.wirehive.ntp2.*"",""allowed"":false,""children"":[{""addr"":""net.wirehive.ntp2:123"",""allowed"":true}]},{""addr"":""net.wirehive.ntp3.*"",""allowed"":false,""children"":[{""addr"":""net.wirehive.ntp3:123"",""allowed"":true}]},{""addr"":""one.*"",""allowed"":false,""children"":[{""addr"":""one.eria.uk.ntp:123"",""allowed"":true}]},{""addr"":""org.*"",""allowed"":false,""children"":[{""addr"":""org.notalot:123"",""allowed"":true}]},{""addr"":""pw.*"",""allowed"":false,""children"":[{""addr"":""pw.clearnet.trf:123"",""allowed"":true}]},{""addr"":""se.0x5e.*"",""allowed"":false,""children"":[{""addr"":""se.0x5e.ntp-d:123"",""allowed"":true}]},{""addr"":""se.netnod.*"",""allowed"":false,""children"":[{""addr"":""se.netnod.ntp.mmo2:123"",""allowed"":true}]},{""addr"":""uk.co.armcd.*"",""allowed"":false,""children"":[{""addr"":""uk.co.armcd:123"",""allowed"":true}]},{""addr"":""uk.co.divergentnetworks.*"",""allowed"":false,""children"":[{""addr"":""uk.co.divergentnetworks.ptr.213.5.132.231:123"",""allowed"":true}]},{""addr"":""uk.co.essenet.*"",""allowed"":false,""children"":[{""addr"":""uk.co.essenet.fuji:123"",""allowed"":true}]},{""addr"":""uk.co.exa-networks.*"",""allowed"":false,""children"":[{""addr"":""uk.co.exa-networks.ntp1:123"",""allowed"":true}]},{""addr"":""uk.co.lewiscomputing.*"",""allowed"":false,""children"":[{""addr"":""uk.co.lewiscomputing.ntp-cov-1:123"",""allowed"":true}]},{""addr"":""uk.co.npl.*"",""allowed"":false,""children"":[{""addr"":""uk.co.npl.ntpsvr1:123"",""allowed"":true}]},{""addr"":""uk.co.preshweb.*"",""allowed"":false,""children"":[{""addr"":""uk.co.preshweb.slideaway:123"",""allowed"":true}]},{""addr"":""uk.co.turbodns.*"",""allowed"":false,""children"":[{""addr"":""uk.co.turbodns.ns3:123"",""allowed"":true}]},{""addr"":""uk.co.zen.*"",""allowed"":false,""children"":[{""addr"":""uk.co.zen.in-addr.ll.51-155-16-62:123"",""allowed"":true}]},{""addr"":""uk.net.*"",""allowed"":false,""children"":[{""addr"":""uk.net.luns.*"",""allowed"":true,""children"":[{""addr"":""uk.net.luns.ns0.*"",""allowed"":false,""children"":[{""addr"":""uk.net.luns.ns0:123"",""allowed"":true}]},{""addr"":""uk.net.luns.ns1.*"",""allowed"":false,""children"":[{""addr"":""uk.net.luns.ns1:123"",""allowed"":true}]}]}]},{""addr"":""uk.org.77.*"",""allowed"":false,""children"":[{""addr"":""uk.org.77.ntp1:123"",""allowed"":true}]},{""addr"":""uk.org.halon.*"",""allowed"":false,""children"":[{""addr"":""uk.org.halon.cheddar:123"",""allowed"":true}]}]}",""
"5342c52c-930b-5853-90e3-d465e243fbb0","","{""addr"":""*"",""allowed"":false,""children"":[{""addr"":""89.21.226.138.*"",""allowed"":true}]}","","{""addr"":""*"",""allowed"":false,""children"":[{""addr"":""109.249.185.110:30517"",""allowed"":true},{""addr"":""109.249.185.110:50997"",""allowed"":true},{""addr"":""109.249.185.12:14081"",""allowed"":true},{""addr"":""109.249.185.38:10008"",""allowed"":true},{""addr"":""109.249.185.38:34614"",""allowed"":true},{""addr"":""109.249.185.38:42806"",""allowed"":true},{""addr"":""109.249.185.38:46860"",""allowed"":true},{""addr"":""109.249.185.38:50956"",""allowed"":true},{""addr"":""109.249.185.38:55042"",""allowed"":true},{""addr"":""109.249.185.38:59138"",""allowed"":true},{""addr"":""109.249.185.49:38683"",""allowed"":true},{""addr"":""109.249.185.5:26826"",""allowed"":true},{""addr"":""109.249.185.5:26868"",""allowed"":true},{""addr"":""109.249.185.5:51402"",""allowed"":true},{""addr"":""109.249.185.5:59636"",""allowed"":true},{""addr"":""109.249.185.70:51035"",""allowed"":true},{""addr"":""109.249.185.86:18294"",""allowed"":true},{""addr"":""109.249.185.86:55158"",""allowed"":true},{""addr"":""109.249.185.86:5964"",""allowed"":true},{""addr"":""118.193.64.211:7760"",""allowed"":true},{""addr"":""118.193.64.36:7760"",""allowed"":true},{""addr"":""118.193.64.9:7760"",""allowed"":true},{""addr"":""118.193.65.131:7760"",""allowed"":true},{""addr"":""118.193.65.150:7760"",""allowed"":true},{""addr"":""118.193.65.151:7760"",""allowed"":true},{""addr"":""118.193.65.170:7760"",""allowed"":true},{""addr"":""118.193.65.22:7760"",""allowed"":true},{""addr"":""118.26.104.147:7760"",""allowed"":true},{""addr"":""162.62.52.164:6003"",""allowed"":true},{""addr"":""162.62.52.181:6002"",""allowed"":true},{""addr"":""162.62.57.218:6002"",""allowed"":true},{""addr"":""162.62.57.32:6003"",""allowed"":true},{""addr"":""169.197.113.245:7760"",""allowed"":true},{""addr"":""213.205.198.87:59187"",""allowed"":true},{""addr"":""49.51.129.211:80"",""allowed"":true},{""addr"":""49.51.136.83:6003"",""allowed"":true},{""addr"":""49.51.150.132:6002"",""allowed"":true},{""addr"":""com.amazonaws.compute.eu-west-1.ec2-34-248-25-148:31006"",""allowed"":true},{""addr"":""com.amazonaws.compute.eu-west-1.ec2-34-248-25-148:31007"",""allowed"":true},{""addr"":""com.amazonaws.compute.eu-west-1.ec2-34-250-216-38:6000"",""allowed"":true},{""addr"":""com.amazonaws.compute.eu-west-1.ec2-34-250-216-38:6001"",""allowed"":true},{""addr"":""com.amazonaws.compute.eu-west-1.ec2-34-251-86-177:8666"",""allowed"":true},{""addr"":""com.amazonaws.compute.eu-west-1.ec2-34-252-146-66:31006"",""allowed"":true},{""addr"":""com.amazonaws.compute.eu-west-1.ec2-52-17-12-33:8444"",""allowed"":true},{""addr"":""com.amazonaws.compute.eu-west-1.ec2-52-18-170-241:8666"",""allowed"":true},{""addr"":""com.amazonaws.compute.eu-west-1.ec2-52-209-39-92:80"",""allowed"":true},{""addr"":""com.amazonaws.compute.eu-west-1.ec2-52-215-204-214:31006"",""allowed"":true},{""addr"":""com.amazonaws.compute.eu-west-1.ec2-52-48-203-220:8666"",""allowed"":true},{""addr"":""com.amazonaws.compute.eu-west-1.ec2-52-49-206-3:8444"",""allowed"":true},{""addr"":""com.amazonaws.compute.eu-west-1.ec2-52-51-4-82:8666"",""allowed"":true},{""addr"":""com.amazonaws.compute.eu-west-1.ec2-54-154-82-167:31006"",""allowed"":true},{""addr"":""com.amazonaws.compute.eu-west-1.ec2-54-171-125-123:80"",""allowed"":true},{""addr"":""com.amazonaws.compute.eu-west-1.ec2-54-229-75-69:31006"",""allowed"":true},{""addr"":""com.amazonaws.compute.eu-west-1.ec2-54-229-79-114:31006"",""allowed"":true},{""addr"":""com.amazonaws.compute.eu-west-1.ec2-54-246-230-174:8666"",""allowed"":true},{""addr"":""com.amazonaws.compute.eu-west-1.ec2-54-76-202-50:80"",""allowed"":true},{""addr"":""com.amazonaws.compute.eu-west-1.ec2-63-34-55-14:8666"",""allowed"":true},{""addr"":""com.amazonaws.compute.eu-west-1.ec2-63-35-139-84:80"",""allowed"":true},{""addr"":""com.amazonaws.compute.eu-west-1.ec2-99-81-240-103:6000"",""allowed"":true},{""addr"":""com.amazonaws.s3-3-w:443"",""allowed"":true},{""addr"":""uk.co.threembb.187.6.196.94:10175"",""allowed"":true},{""addr"":""uk.co.threembb.216.78.30.188:10273"",""allowed"":true},{""addr"":""uk.co.threembb.216.78.30.188:10285"",""allowed"":true}]}",""
"9acc8cfd-e313-54d4-afc4-510a37143854","","{""addr"":""*"",""allowed"":false}","","{""addr"":""*"",""allowed"":false,""children"":[{""addr"":""10.0.5.35:10229"",""allowed"":true},{""addr"":""10.0.5.35:10237"",""allowed"":true},{""addr"":""10.0.5.35:10243"",""allowed"":true},{""addr"":""10.0.5.35:10249"",""allowed"":true},{""addr"":""10.0.5.35:10295"",""allowed"":true},{""addr"":""10.0.5.35:10301"",""allowed"":true},{""addr"":""192.168.1.182:10106"",""allowed"":true},{""addr"":""192.168.1.182:10111"",""allowed"":true},{""addr"":""192.168.1.182:10116"",""allowed"":true},{""addr"":""192.168.1.182:10117"",""allowed"":true},{""addr"":""192.168.1.182:10122"",""allowed"":true},{""addr"":""192.168.1.182:10123"",""allowed"":true},{""addr"":""192.168.1.182:10129"",""allowed"":true},{""addr"":""192.168.1.182:10139"",""allowed"":true},{""addr"":""192.168.1.182:10144"",""allowed"":true},{""addr"":""192.168.1.182:10157"",""allowed"":true},{""addr"":""192.168.1.182:10163"",""allowed"":true},{""addr"":""192.168.1.182:10169"",""allowed"":true},{""addr"":""192.168.1.182:10181"",""allowed"":true},{""addr"":""192.168.1.182:10191"",""allowed"":true},{""addr"":""192.168.1.182:10245"",""allowed"":true},{""addr"":""192.168.1.182:10249"",""allowed"":true},{""addr"":""192.168.1.182:10255"",""allowed"":true},{""addr"":""192.168.1.182:10267"",""allowed"":true},{""addr"":""192.168.1.182:10288"",""allowed"":true},{""addr"":""192.168.8.103:10175"",""allowed"":true},{""addr"":""192.168.8.103:10273"",""allowed"":true},{""addr"":""192.168.8.103:10285"",""allowed"":true}]}",""
"43051211-e145-571e-b0fd-79eab92fe2c9","","{""addr"":""*"",""allowed"":false}","","{""addr"":""*"",""allowed"":false}",""
"55195383-b547-5fc3-82d7-f5ce7dc59965","","{""addr"":""*"",""allowed"":false}","","{""addr"":""*"",""allowed"":false}",""
"fda8198e-5302-531b-b348-4f58e12c7ab2","","{""addr"":""*"",""allowed"":false}","","{""addr"":""*"",""allowed"":false,""children"":[{""addr"":""224.0.0.251:5353"",""allowed"":true},{""addr"":""239.255.255.250:1900"",""allowed"":true},{""addr"":""239.255.255.250:37020"",""allowed"":true},{""addr"":""239.255.255.251:50160"",""allowed"":true}]}",""
"ff8a3c58-7c31-52e0-9b0e-27723b203c91","","{""addr"":""*"",""allowed"":false}","","{""addr"":""*"",""allowed"":false}",""
"ee7131db-6059-5c9d-af7f-a6069c8a07de","","{""addr"":""*"",""allowed"":false}","","{""addr"":""*"",""allowed"":false}",""
"6348cc43-0fcb-56ba-b808-5933dbc00034","","{""addr"":""*"",""allowed"":false}","","{""addr"":""*"",""allowed"":false}",""
"538e3245-4788-5382-b03d-90252fbe0392","","{""addr"":""*"",""allowed"":false}","","{""addr"":""*"",""allowed"":false}",""
"f13276bd-73cf-54b0-924b-c8307f7634f5","","{""addr"":""*"",""allowed"":false}","","{""addr"":""*"",""allowed"":false,""children"":[{""addr"":""10.0.7.1:67"",""allowed"":true},{""addr"":""255.255.255.255:67"",""allowed"":true}]}",""
"3e88aa06-4ca2-500f-96f8-15f5f2022c68","","{""addr"":""*"",""allowed"":false}","","{""addr"":""*"",""allowed"":false,""children"":[{""addr"":""10.0.7.1:53"",""allowed"":true}]}",""
"45f1d204-951b-5a00-bb88-f57d05de7321","","{""addr"":""*"",""allowed"":false}","","{""addr"":""*"",""allowed"":false}",""
"3c0a7bd6-cbf0-5174-924a-364fdfa81e66","","{""addr"":""*"",""allowed"":false}","","{""addr"":""*"",""allowed"":false}",""
"2e7645df-ae19-58bc-8328-3e936c1125a9","","{""addr"":""*"",""allowed"":true}","","{""addr"":""*"",""allowed"":true}",""
"ef71a43b-3c01-5f62-831c-3620658c46ff","","{""addr"":""*"",""allowed"":true}","","{""addr"":""*"",""allowed"":true}",""
"bed6a087-2fdc-51ef-af58-eb84a937ae92","","{""addr"":""*"",""allowed"":true}","","{""addr"":""*"",""allowed"":true}",""
"394d4296-cc53-5ac1-8b3f-831726db64c7","","{""addr"":""*"",""allowed"":true}","","{""addr"":""*"",""allowed"":true}",""
"73f37d5c-3b21-5237-bfaf-550e5a7ceeae","","{""addr"":""*"",""allowed"":true}","","{""addr"":""*"",""allowed"":true}",""
"9c496c9c-a98a-53c0-b6d7-8581db76a67f","","{""addr"":""*"",""allowed"":true}","","{""addr"":""*"",""allowed"":true}",""
"12ac5dd2-8c71-51e8-8e33-a041fcb09438","","{""addr"":""*"",""allowed"":true}","","{""addr"":""*"",""allowed"":true}",""
"3730fdb0-1b11-5343-907c-75c737ca2236","","{""addr"":""*"",""allowed"":true}","","{""addr"":""*"",""allowed"":true}",""
"2e90d8ad-c89b-5d9a-8d5a-78aa18c0f9eb","","{""addr"":""*"",""allowed"":true}","","{""addr"":""*"",""allowed"":true}",""
"bb5e5b34-ddf4-5a7b-9e3a-2cce93db1b1d","","{""addr"":""*"",""allowed"":true}","","{""addr"":""*"",""allowed"":true}",""
"6d057832-b801-54b8-adcb-76f3c3f3627f","","{""addr"":""*"",""allowed"":true}","","{""addr"":""*"",""allowed"":true}",""
"a3f82692-dceb-5d2a-a6e7-e65f0a0d5a07","","{""addr"":""*"",""allowed"":true}","","{""addr"":""*"",""allowed"":true}",""
"e00ed89c-846e-531b-84fa-d6c7c3a445f6","","{""addr"":""*"",""allowed"":true}","","{""addr"":""*"",""allowed"":true}",""
"8b7da3c1-6d7b-5cf9-a64b-4f076743235d","","{""addr"":""*"",""allowed"":true}","","{""addr"":""*"",""allowed"":true}",""
"c49800a3-7016-59cb-a866-7d64f5aa79fc","","{""addr"":""*"",""allowed"":false,""children"":[{""addr"":""192.168.*"",""allowed"":true},{""addr"":""10.0.*"",""allowed"":true}]}","","",""
"452e5ca8-8aa5-55c4-a1eb-050ce5930ea7","","{""addr"":""*"",""allowed"":false}","","{""addr"":""*"",""allowed"":false}",""
"6744be53-447f-5a64-bf01-50237199f9d9","","{""addr"":""*"",""allowed"":true,""children"":[{""addr"":""157.*"",""allowed"":false,""children"":[{""addr"":""157.55.*"",""allowed"":true,""children"":[{""addr"":""157.55.184.*"",""allowed"":false,""children"":[{""addr"":""157.55.184.57:443"",""allowed"":true}]},{""addr"":""157.55.194.*"",""allowed"":false,""children"":[{""addr"":""157.55.194.109:443"",""allowed"":true}]}]}]},{""addr"":""216.*"",""allowed"":false,""children"":[{""addr"":""216.239.34.36:443"",""allowed"":true}]},{""addr"":""92.*"",""allowed"":false,""children"":[{""addr"":""92.204.68.24.web.*"",""allowed"":true}]}]}","","{""addr"":""*"",""allowed"":true,""children"":[{""addr"":""com.akamaitechnologies.*"",""allowed"":false,""children"":[{""addr"":""com.akamaitechnologies.static.deploy.*"",""allowed"":true,""children"":[{""addr"":""com.akamaitechnologies.static.deploy.a104-124-169-109.*"",""allowed"":false,""children"":[{""addr"":""com.akamaitechnologies.static.deploy.a104-124-169-109:443"",""allowed"":true}]}]}]},{""addr"":""com.amazonaws.compute.ap-northeast-1.*"",""allowed"":false,""children"":[{""addr"":""com.amazonaws.compute.ap-northeast-1.ec2-52-68-194-186:443"",""allowed"":true}]},{""addr"":""com.amazonaws.compute-1.ec2-18-235-95-51.*"",""allowed"":false,""children"":[{""addr"":""com.amazonaws.compute-1.ec2-18-235-95-51:443"",""allowed"":true}]},{""addr"":""com.amazonaws.compute-1.ec2-3-219-173-44.*"",""allowed"":false,""children"":[{""addr"":""com.amazonaws.compute-1.ec2-3-219-173-44:443"",""allowed"":true}]},{""addr"":""com.amazonaws.compute-1.ec2-3-232-230-6.*"",""allowed"":false,""children"":[{""addr"":""com.amazonaws.compute-1.ec2-3-232-230-6:443"",""allowed"":true}]},{""addr"":""com.amazonaws.compute-1.ec2-3-82-81-203.*"",""allowed"":false,""children"":[{""addr"":""com.amazonaws.compute-1.ec2-3-82-81-203:443"",""allowed"":true}]},{""addr"":""com.amazonaws.compute-1.ec2-52-202-101-128.*"",""allowed"":false,""children"":[{""addr"":""com.amazonaws.compute-1.ec2-52-202-101-128:443"",""allowed"":true}]},{""addr"":""com.amazonaws.compute-1.ec2-52-71-104-132.*"",""allowed"":false,""children"":[{""addr"":""com.amazonaws.compute-1.ec2-52-71-104-132:443"",""allowed"":true}]},{""addr"":""com.amazonaws.compute-1.ec2-52-72-136-8.*"",""allowed"":false,""children"":[{""addr"":""com.amazonaws.compute-1.ec2-52-72-136-8:443"",""allowed"":true}]},{""addr"":""com.amazonaws.compute-1.ec2-52-87-10-116.*"",""allowed"":false,""children"":[{""addr"":""com.amazonaws.compute-1.ec2-52-87-10-116:443"",""allowed"":true}]},{""addr"":""com.amazonaws.s3-ap-northeast-1-r-w.*"",""allowed"":false,""children"":[{""addr"":""com.amazonaws.s3-ap-northeast-1-r-w:443"",""allowed"":true}]},{""addr"":""net.cloudfront.*"",""allowed"":false,""children"":[{""addr"":""net.cloudfront.r.lhr50.*"",""allowed"":true,""children"":[{""addr"":""net.cloudfront.r.lhr50.server-108-156-28-58.*"",""allowed"":false,""children"":[{""addr"":""net.cloudfront.r.lhr50.server-108-156-28-58:443"",""allowed"":true}]}]}]}]}",""
"8b234dc1-e289-5e96-92e2-4b208616465f","","{""addr"":""*"",""allowed"":false}","","{""addr"":""*"",""allowed"":false}",""
"bc3c224d-d7f1-5876-a146-33e3a5ca8ea0","","{""addr"":""*"",""allowed"":false}","","{""addr"":""*"",""allowed"":false}",""
"aaae9f42-f71d-546d-9690-5103488883fa","","{""addr"":""*"",""allowed"":false}","","{""addr"":""*"",""allowed"":false}",""
"1a4ec405-831d-5dd8-b030-6077ec696ab3","","{""addr"":""*"",""allowed"":false}","","{""addr"":""*"",""allowed"":false,""children"":[{""addr"":""239.255.255.250:1900"",""allowed"":true}]}",""
"275ae945-5dfc-51b3-9b60-c199191ceea5","","{""addr"":""*"",""allowed"":false}","","{""addr"":""*"",""allowed"":false}",""
"0bc61663-6f1d-538a-a8ae-c1194b2ea1e1","","{""addr"":""*"",""allowed"":false}","","{""addr"":""*"",""allowed"":false}",""
"efa6623f-c7ff-52e5-ab95-c3addbc0144a","","{""addr"":""*"",""allowed"":false}","","{""addr"":""*"",""allowed"":false}",""
"4d4690e6-c734-5fe6-aace-080ca5264feb","","{""addr"":""*"",""allowed"":false}","","{""addr"":""*"",""allowed"":false}",""
"6a09d7ec-200d-5024-b21e-b4013df25653","","{""addr"":""*"",""allowed"":false}","","{""addr"":""*"",""allowed"":false,""children"":[{""addr"":""255.255.255.255:67"",""allowed"":true}]}",""
"be8cc15d-a473-593a-9ec6-de29025343b3","","{""addr"":""*"",""allowed"":false}","","{""addr"":""*"",""allowed"":false,""children"":[{""addr"":""10.0.1.1:53"",""allowed"":true}]}",""
"17e74605-c727-5397-ae2d-f8bdb9ec7651","","{""addr"":""*"",""allowed"":false}","","{""addr"":""*"",""allowed"":false}",""
"649e02ea-4210-5772-aac9-23e1c2b790f7","","{""addr"":""*"",""allowed"":false}","","{""addr"":""*"",""allowed"":false}",""
"c14464c1-12d3-5e03-9375-6dff3d486f51","","{""addr"":""*"",""allowed"":false}","","{""addr"":""*"",""allowed"":false,""children"":[{""addr"":""com.google.time4:123""},{""addr"":""org.computer42.hetzner.obelix:123""}]}",""
"fbc31169-895f-5792-b25d-c46407b38891","","{""addr"":""*"",""allowed"":true,""children"":[{""addr"":""8.*"",""allowed"":false,""children"":[{""addr"":""8.209.77.113:443"",""allowed"":true}]},{""addr"":""89.21.*"",""allowed"":false,""children"":[{""addr"":""89.21.226.138.*"",""allowed"":true}]}]}","","{""addr"":""*"",""allowed"":true,""children"":[{""addr"":""com.akamaitechnologies.*"",""allowed"":false,""children"":[{""addr"":""com.akamaitechnologies.static.deploy.*"",""allowed"":true}]},{""addr"":""com.amazonaws.compute.eu-central-1.ec2-18-184-76-236.*"",""allowed"":false,""children"":[{""addr"":""com.amazonaws.compute.eu-central-1.ec2-18-184-76-236:443"",""allowed"":true}]},{""addr"":""com.amazonaws.compute.eu-central-1.ec2-18-196-142-136.*"",""allowed"":false,""children"":[{""addr"":""com.amazonaws.compute.eu-central-1.ec2-18-196-142-136:8883"",""allowed"":true}]},{""addr"":""com.amazonaws.compute.eu-central-1.ec2-18-197-160-145.*"",""allowed"":false,""children"":[{""addr"":""com.amazonaws.compute.eu-central-1.ec2-18-197-160-145:443"",""allowed"":true}]},{""addr"":""com.amazonaws.compute.eu-central-1.ec2-18-197-183-192.*"",""allowed"":false,""children"":[{""addr"":""com.amazonaws.compute.eu-central-1.ec2-18-197-183-192:8883"",""allowed"":true}]},{""addr"":""com.amazonaws.compute.eu-central-1.ec2-52-29-140-27.*"",""allowed"":false,""children"":[{""addr"":""com.amazonaws.compute.eu-central-1.ec2-52-29-140-27:443"",""allowed"":true}]},{""addr"":""com.amazonaws.compute.eu-central-1.ec2-52-29-160-219.*"",""allowed"":false,""children"":[{""addr"":""com.amazonaws.compute.eu-central-1.ec2-52-29-160-219:443"",""allowed"":true}]},{""addr"":""com.amazonaws.compute.eu-central-1.ec2-52-29-216-174.*"",""allowed"":false,""children"":[{""addr"":""com.amazonaws.compute.eu-central-1.ec2-52-29-216-174:443"",""allowed"":true}]},{""addr"":""com.facebook.edge-msgr-latest-shv-01-lhr8.*"",""allowed"":false,""children"":[{""addr"":""com.facebook.edge-msgr-latest-shv-01-lhr8:443"",""allowed"":true}]},{""addr"":""com.facebook.edge-star-shv-01-lhr8.*"",""allowed"":false,""children"":[{""addr"":""com.facebook.edge-star-shv-01-lhr8.web.*"",""allowed"":true}]},{""addr"":""com.facebook.whatsapp-chatd-edge-shv-01-lhr8.*"",""allowed"":false,""children"":[{""addr"":""com.facebook.whatsapp-chatd-edge-shv-01-lhr8:5222"",""allowed"":true}]},{""addr"":""com.googleusercontent.*"",""allowed"":false,""children"":[{""addr"":""com.googleusercontent.bc.*"",""allowed"":true,""children"":[{""addr"":""com.googleusercontent.bc.35.186.224.25.*"",""allowed"":false,""children"":[{""addr"":""com.googleusercontent.bc.35.186.224.25:443"",""allowed"":true}]},{""addr"":""com.googleusercontent.bc.35.186.224.47.*"",""allowed"":false,""children"":[{""addr"":""com.googleusercontent.bc.35.186.224.47:443"",""allowed"":true}]}]}]},{""addr"":""net.1e100.ams16s22-in-f4.*"",""allowed"":false,""children"":[{""addr"":""net.1e100.ams16s22-in-f4:443"",""allowed"":true}]},{""addr"":""net.1e100.lhr25s31-in-f10.*"",""allowed"":false,""children"":[{""addr"":""net.1e100.lhr25s31-in-f10:443"",""allowed"":true}]},{""addr"":""net.1e100.lhr25s33-in-f14.*"",""allowed"":false,""children"":[{""addr"":""net.1e100.lhr25s33-in-f14:443"",""allowed"":true}]},{""addr"":""net.1e100.lhr48s27-in-f10.*"",""allowed"":false,""children"":[{""addr"":""net.1e100.lhr48s27-in-f10:443"",""allowed"":true}]},{""addr"":""net.1e100.lhr48s27-in-f14.*"",""allowed"":false,""children"":[{""addr"":""net.1e100.lhr48s27-in-f14.web.*"",""allowed"":true}]},{""addr"":""net.cloudfront.*"",""allowed"":false,""children"":[{""addr"":""net.cloudfront.r.*"",""allowed"":true,""children"":[{""addr"":""net.cloudfront.r.lhr61.server-13-224-222-82.*"",""allowed"":false,""children"":[{""addr"":""net.cloudfront.r.lhr61.server-13-224-222-82:443"",""allowed"":true}]},{""addr"":""net.cloudfront.r.lhr61.server-99-86-114-87.*"",""allowed"":false,""children"":[{""addr"":""net.cloudfront.r.lhr61.server-99-86-114-87:443"",""allowed"":true}]}]}]},{""addr"":""net.fbcdn.edge-video-shv-01-lhr8.*"",""allowed"":false,""children"":[{""addr"":""net.fbcdn.edge-video-shv-01-lhr8:443"",""allowed"":true}]},{""addr"":""net.llnw.*"",""allowed"":false,""children"":[{""addr"":""net.llnw.lhr.*"",""allowed"":true,""children"":[{""addr"":""net.llnw.lhr.https-87-248-204-27.*"",""allowed"":false,""children"":[{""addr"":""net.llnw.lhr.https-87-248-204-27:80"",""allowed"":true}]}]}]}]}",""
"2c0ca92c-e736-50b5-82d0-8822fedcf8f3","","{""addr"":""*"",""allowed"":false}","","{""addr"":""*"",""allowed"":false,""children"":[{""addr"":""10.0.5.1:80""},{""addr"":""10.0.5.255:51537""},{""addr"":""10.0.5.255:57621""},{""addr"":""10.0.7.237:14568""},{""addr"":""10.0.7.237:41451""}]}",""
"1e1944b8-9b89-5e6f-9f5a-f439d0c84edb","","{""addr"":""*"",""allowed"":false}","","{""addr"":""*"",""allowed"":false}",""
"ba8550e1-e129-59fe-9dc4-159f84e1e252","","{""addr"":""*"",""allowed"":false}","","{""addr"":""*"",""allowed"":false}",""
"6644ab17-7787-5ba2-8726-f1eb10d823e3","","{""addr"":""*"",""allowed"":true,""children"":[{""addr"":""224.*"",""allowed"":false,""children"":[{""addr"":""224.0.*"",""allowed"":true,""children"":[{""addr"":""224.0.0.*"",""allowed"":false,""children"":[{""addr"":""224.0.0.251:5353"",""allowed"":true}]}]}]},{""addr"":""226.0.*"",""allowed"":false,""children"":[{""addr"":""226.0.16.16:30012"",""allowed"":true}]},{""addr"":""226.120.*"",""allowed"":false,""children"":[{""addr"":""226.120.89.84:30012"",""allowed"":true}]},{""addr"":""226.121.*"",""allowed"":false,""children"":[{""addr"":""226.121.84.83:30012"",""allowed"":true}]},{""addr"":""226.122.*"",""allowed"":false,""children"":[{""addr"":""226.122.49.48:30012"",""allowed"":true}]},{""addr"":""226.35.*"",""allowed"":false,""children"":[{""addr"":""226.35.85.69:30012"",""allowed"":true}]},{""addr"":""226.64.*"",""allowed"":false,""children"":[{""addr"":""226.64.17.17:30012"",""allowed"":true}]},{""addr"":""226.65.*"",""allowed"":false,""children"":[{""addr"":""226.65.134.220:30012"",""allowed"":true}]},{""addr"":""226.66.*"",""allowed"":false,""children"":[{""addr"":""226.66.89.65:30012"",""allowed"":true}]},{""addr"":""226.67.*"",""allowed"":false,""children"":[{""addr"":""226.67.113.110:30012"",""allowed"":true}]},{""addr"":""226.72.*"",""allowed"":false,""children"":[{""addr"":""226.72.116.45:30012"",""allowed"":true}]},{""addr"":""226.73.*"",""allowed"":false,""children"":[{""addr"":""226.73.114.117:30012"",""allowed"":true}]},{""addr"":""226.74.*"",""allowed"":false,""children"":[{""addr"":""226.74.105.114:30012"",""allowed"":true}]},{""addr"":""226.75.*"",""allowed"":false,""children"":[{""addr"":""226.75.0.115:30012"",""allowed"":true}]},{""addr"":""239.*"",""allowed"":false,""children"":[{""addr"":""239.255.255.250.*"",""allowed"":true}]}]}","","{""addr"":""*"",""allowed"":true}",""
"0cff4ce6-05ad-5914-b4ce-b43a96f7e49f","","{""addr"":""*"",""allowed"":false}","","{""addr"":""*"",""allowed"":false}",""
"2dc8dc86-c4c6-5b22-adaf-fe5d42f5c16f","","{""addr"":""*"",""allowed"":false}","","{""addr"":""*"",""allowed"":false}",""
"efebcf4e-15e9-5314-97d3-787a99a28aed","","{""addr"":""*"",""allowed"":false}","","{""addr"":""*"",""allowed"":false,""children"":[{""addr"":""net.1e100.wa-in-f108:993""},{""addr"":""net.1e100.wa-in-f109:993""},{""addr"":""net.1e100.wb-in-f108:993""},{""addr"":""net.1e100.wb-in-f109:993""},{""addr"":""net.1e100.wf-in-f109:993""},{""addr"":""net.1e100.wg-in-f108:993""},{""addr"":""net.1e100.wn-in-f109:993""},{""addr"":""net.1e100.wo-in-f108:993""},{""addr"":""net.1e100.wq-in-f108:993""},{""addr"":""net.1e100.wr-in-f108:993""},{""addr"":""net.1e100.wr-in-f109:993""},{""addr"":""net.1e100.ws-in-f108:993""},{""addr"":""net.1e100.ws-in-f109:993""}]}",""
"8908b642-b9ec-51f8-850a-13e9192f08cd","","{""addr"":""*"",""allowed"":false}","","{""addr"":""*"",""allowed"":false}",""
"13268ac4-ad4e-556d-bf84-1493d1044b36","","{""addr"":""*"",""allowed"":false}","","{""addr"":""*"",""allowed"":false,""children"":[{""addr"":""255.255.255.255:67""}]}",""
"3df05e3e-ee5d-51de-a40f-ca3cdcfe097f","","{""addr"":""*"",""allowed"":false}","","{""addr"":""*"",""allowed"":false,""children"":[{""addr"":""10.0.5.1:53""}]}",""
"d06368af-708c-52e7-8977-5c55771abdcb","","{""addr"":""*"",""allowed"":false}","","{""addr"":""*"",""allowed"":false,""children"":[{""addr"":""255.255.255.255:30011""},{""addr"":""255.255.255.255:3703""}]}",""
"59f6ecc0-f9e7-58dd-b3f1-db198f59aae0","","{""addr"":""*"",""allowed"":false}","","{""addr"":""*"",""allowed"":false}",""
"e130705e-14b1-58f1-931b-ace790dc7807","","{""addr"":""*"",""allowed"":false}","","{""addr"":""*"",""allowed"":false}",""
"264a2e75-960b-5c78-b163-101a1361f673","","{""addr"":""*"",""allowed"":false}","","{""addr"":""*"",""allowed"":false,""children"":[{""addr"":""com.amazonaws.compute.eu-central-1.ec2-18-185-182-159:443"",""allowed"":true},{""addr"":""com.amazonaws.compute.eu-central-1.ec2-18-192-43-219:8886"",""allowed"":true},{""addr"":""com.amazonaws.compute.eu-central-1.ec2-18-195-249-137:443"",""allowed"":true},{""addr"":""com.amazonaws.compute.eu-central-1.ec2-3-121-131-36:443"",""allowed"":true},{""addr"":""com.amazonaws.compute.eu-central-1.ec2-3-122-134-146:443"",""allowed"":true},{""addr"":""com.amazonaws.compute.eu-central-1.ec2-3-123-124-46:443"",""allowed"":true},{""addr"":""com.amazonaws.compute.eu-central-1.ec2-3-64-85-28:8886"",""allowed"":true},{""addr"":""com.amazonaws.compute.eu-central-1.ec2-3-67-242-33:8886"",""allowed"":true},{""addr"":""com.amazonaws.compute.eu-central-1.ec2-52-58-249-45:8886"",""allowed"":true}]}",""
"92020a90-fe80-590f-a174-3a9bfedc0b85","","{""addr"":""*"",""allowed"":false}","","{""addr"":""*"",""allowed"":false}",""
"be547e89-7aa4-571e-bd0b-f6eb2de440e1","","{""addr"":""*"",""allowed"":false}","","{""addr"":""*"",""allowed"":false}",""
"9cf4312e-fdee-5a2a-927a-ee069f54d4df","","{""addr"":""*"",""allowed"":false}","","{""addr"":""*"",""allowed"":false}",""
"f9d60495-4328-50b6-89b0-0ab62aadeeea","","{""addr"":""*"",""allowed"":false}","","{""addr"":""*"",""allowed"":false}",""
"01be7643-e0b9-58dd-b517-19a08168e165","","{""addr"":""*"",""allowed"":false}","","{""addr"":""*"",""allowed"":false}",""
"0c3979d0-d234-59e6-ad39-a82fc2949ff0","","{""addr"":""*"",""allowed"":false}","","{""addr"":""*"",""allowed"":false}",""
"d638a35a-1f71-5e26-aefc-55e289f04c21","","{""addr"":""*"",""allowed"":false}","","{""addr"":""*"",""allowed"":false}",""
"962a9f9a-fa16-5275-95ff-39f35516d585","","{""addr"":""*"",""allowed"":false}","","{""addr"":""*"",""allowed"":false}",""
"a85b8286-3883-5299-9794-a49cde2fb687","","{""addr"":""*"",""allowed"":false}","","{""addr"":""*"",""allowed"":false,""children"":[{""addr"":""10.0.3.1:67"",""allowed"":true},{""addr"":""255.255.255.255:67"",""allowed"":true}]}",""
"57f3ce4c-47c8-56c3-8e17-6024d807eb39","","{""addr"":""*"",""allowed"":false}","","{""addr"":""*"",""allowed"":false,""children"":[{""addr"":""10.0.3.1:53"",""allowed"":true}]}",""
"20ca0bbd-3f6a-5323-a507-75d00c540993","","{""addr"":""*"",""allowed"":false}","","{""addr"":""*"",""allowed"":false,""children"":[{""addr"":""255.255.255.255:6667"",""allowed"":true}]}",""
"85a23cb4-155f-5e55-91c4-878c039c0376","","{""addr"":""*"",""allowed"":false}","","{""addr"":""*"",""allowed"":false}",""
"ac2cd837-f98d-56d7-9ed9-515761e423ac","","{""addr"":""*"",""allowed"":true}","","{""addr"":""*"",""allowed"":true}",""
"2493a2c0-050c-5c74-a905-e9ab356f16ac","","{""addr"":""*"",""allowed"":true}","","{""addr"":""*"",""allowed"":true}",""
"9f720517-b80b-5176-88da-46de83a384c2","","{""addr"":""*"",""allowed"":true}","","{""addr"":""*"",""allowed"":true}",""
"16457167-a1b3-5405-a87f-8f938f5f1322","","{""addr"":""*"",""allowed"":true}","","{""addr"":""*"",""allowed"":true}",""
"186ed5dc-0356-5945-bf0b-32cb82682ae8","","{""addr"":""*"",""allowed"":true}","","{""addr"":""*"",""allowed"":true}",""
"0d6408e6-9562-575a-ade5-f2c562792d19","","{""addr"":""*"",""allowed"":true}","","{""addr"":""*"",""allowed"":true}",""
"d71e7c8e-6253-5d22-bac0-8d1b8de73b34","","{""addr"":""*"",""allowed"":true}","","{""addr"":""*"",""allowed"":true}",""
"1e52d787-a2a7-5844-a511-1fc4cee81fc6","","{""addr"":""*"",""allowed"":true}","","{""addr"":""*"",""allowed"":true}",""
"a3f3cd8b-b361-5ba0-98da-9ff5f4686b5b","","{""addr"":""*"",""allowed"":true}","","{""addr"":""*"",""allowed"":true}",""
"4828b4a0-3a64-59df-af02-339e8375c0dd","","{""addr"":""*"",""allowed"":true}","","{""addr"":""*"",""allowed"":true}",""
"95e7fcfe-b6a9-55c4-9b2f-f21d715fa78e","","{""addr"":""*"",""allowed"":true}","","{""addr"":""*"",""allowed"":true}",""
"827fd012-22a1-58ba-aa85-d400595616a4","","{""addr"":""*"",""allowed"":true}","","{""addr"":""*"",""allowed"":true}",""
"5bf9e23e-b6e3-5e52-94aa-72694fa464c3","","{""addr"":""*"",""allowed"":true}","","{""addr"":""*"",""allowed"":true}",""
"b966f0fa-7a42-5d50-b610-7cd377f9171c","","{""addr"":""*"",""allowed"":true}","","{""addr"":""*"",""allowed"":true}",""
